reviewer_id,review_id,complexity,result,extent,quality,age,skill,ai_use
1,623,0.366999314,1,229,3,51,4.2542355,0
1,1381,0.489959666,1,184,3,51,4.2542355,0
1,673,-1.396836914,0,126,3,51,4.2542355,0
1,136,0.545315695,0,183,3,51,4.2542355,0
1,35,-0.881907099,0,169,3,51,4.2542355,0
1,749,0.91856901,1,179,4,51,4.2542355,0
1,626,1.438274429,1,299,3,51,4.2542355,0
2,620,0.859935761,1,257,4,55,3.739722599,0
2,495,0.016431589,0,167,4,55,3.739722599,0
2,1136,0.420815164,1,320,4,55,3.739722599,0
2,1258,-0.643922832,1,162,3,55,3.739722599,0
2,1959,-2.059828833,0,66,3,55,3.739722599,0
2,691,-1.797603883,0,69,3,55,3.739722599,0
3,906,0.929460813,0,162,4,49,4.457738026,0
3,933,-0.100439808,0,201,3,49,4.457738026,0
3,1637,1.745101746,1,234,3,49,4.457738026,0
3,27,-0.858105359,0,102,5,49,4.457738026,0
3,257,1.265370845,1,217,4,49,4.457738026,0
3,1840,8.27E-05,1,197,4,49,4.457738026,0
3,1114,0.033138463,1,223,3,49,4.457738026,0
3,1175,1.489863692,1,288,4,49,4.457738026,0
3,1497,0.428969863,1,147,4,49,4.457738026,0
3,1495,-0.509304134,1,115,4,49,4.457738026,0
3,1341,-1.164206056,0,87,4,49,4.457738026,0
3,1088,-0.107265143,1,287,4,49,4.457738026,0
4,940,0.914029512,1,218,4,38,3.827274374,0
4,719,0.544066539,1,225,3,38,3.827274374,0
4,1529,1.019392561,1,210,3,38,3.827274374,0
4,1071,-0.455966691,0,229,3,38,3.827274374,0
4,1864,-0.188684648,1,185,4,38,3.827274374,0
4,400,0.56469281,1,177,4,38,3.827274374,0
4,1445,-0.629056045,0,197,4,38,3.827274374,0
4,1413,-0.371118898,1,136,3,38,3.827274374,0
5,1914,-0.837047153,1,113,4,44,4.184495483,0
5,422,-0.63079655,0,132,4,44,4.184495483,0
5,1961,0.636176454,0,141,3,44,4.184495483,0
5,560,-1.000608753,0,77,4,44,4.184495483,0
5,1767,-1.783986954,1,41,3,44,4.184495483,0
5,1696,0.341297396,1,239,4,44,4.184495483,0
5,1717,-0.692742151,0,107,3,44,4.184495483,0
5,1927,0.614520637,1,234,4,44,4.184495483,0
5,1595,0.364474295,1,260,4,44,4.184495483,0
5,404,1.047376315,1,216,4,44,4.184495483,0
5,1189,-0.345479564,1,174,3,44,4.184495483,0
5,1122,-0.595367588,0,126,4,44,4.184495483,0
5,1860,1.073651419,1,207,4,44,4.184495483,0
5,1947,-0.631073821,1,130,4,44,4.184495483,0
6,964,-0.553800476,0,224,3,27,2.657038297,1
6,1243,0.416753971,1,297,3,27,2.657038297,1
6,1462,-0.361782335,0,171,4,27,2.657038297,1
6,162,0.19232267,1,191,3,27,2.657038297,1
6,1418,-0.344866326,0,179,4,27,2.657038297,1
6,1566,-0.403399215,0,184,3,27,2.657038297,1
6,398,0.132066881,1,291,4,27,2.657038297,1
6,1610,0.649393383,1,411,3,27,2.657038297,1
6,1501,-1.152506496,0,155,3,27,2.657038297,1
6,706,0.239306199,1,174,4,27,2.657038297,1
6,1507,-0.396367742,1,169,3,27,2.657038297,1
6,619,-1.931555847,0,107,3,27,2.657038297,1
6,165,0.129614073,1,187,2,27,2.657038297,1
7,738,1.295372343,0,139,3,45,4.10610122,0
7,1233,-0.397509705,0,122,4,45,4.10610122,0
7,1646,0.124719968,0,180,3,45,4.10610122,0
7,1720,-1.43642584,0,79,4,45,4.10610122,0
7,386,0.926036408,1,286,4,45,4.10610122,0
7,787,1.238453437,1,234,3,45,4.10610122,0
7,224,0.466942408,1,171,4,45,4.10610122,0
7,1298,0.051914472,1,209,3,45,4.10610122,0
8,1510,0.014800716,0,206,4,45,4.321199939,1
8,1607,0.769065559,1,203,4,45,4.321199939,1
8,225,0.996100724,1,279,4,45,4.321199939,1
8,748,1.408972074,1,367,4,45,4.321199939,1
8,1099,0.212940612,0,208,4,45,4.321199939,1
8,252,-0.384101663,0,125,3,45,4.321199939,1
8,550,-0.311466124,0,134,4,45,4.321199939,1
8,523,-2.040454934,0,58,4,45,4.321199939,1
8,450,-0.708050017,0,121,4,45,4.321199939,1
8,83,2.341633109,1,331,3,45,4.321199939,1
9,1944,0.128342613,1,213,4,35,3.327053063,1
9,1443,-0.118833511,1,239,5,35,3.327053063,1
9,178,2.122188174,1,256,3,35,3.327053063,1
9,94,1.270184622,1,454,4,35,3.327053063,1
9,591,-1.506620016,1,140,3,35,3.327053063,1
9,1647,-0.840032513,0,157,3,35,3.327053063,1
9,1027,0.205450423,0,240,3,35,3.327053063,1
10,329,0.705630395,1,338,3,42,4.071982671,1
10,6,-1.079808706,0,149,3,42,4.071982671,1
10,1559,0.443769661,1,213,4,42,4.071982671,1
10,1407,-0.246086394,0,147,4,42,4.071982671,1
10,539,-0.431082282,0,151,4,42,4.071982671,1
10,1181,1.122838011,1,202,4,42,4.071982671,1
10,305,0.893614538,0,210,3,42,4.071982671,1
11,1880,1.05955423,1,288,2,23,2.695865386,0
11,602,-2.077936524,0,80,4,23,2.695865386,0
11,929,2.064001703,1,219,3,23,2.695865386,0
11,1017,-0.116846938,1,171,3,23,2.695865386,0
11,1948,-0.056010578,1,187,3,23,2.695865386,0
11,1567,-0.693807872,1,234,3,23,2.695865386,0
11,1427,0.242111391,1,275,3,23,2.695865386,0
11,1844,0.539030861,0,221,3,23,2.695865386,0
11,1531,-0.840499743,0,133,3,23,2.695865386,0
11,849,0.742143232,1,212,3,23,2.695865386,0
12,818,-0.833586156,0,102,3,36,3.721475667,0
12,901,0.82509517,1,201,4,36,3.721475667,0
12,1989,-0.234984486,0,212,3,36,3.721475667,0
12,1639,-1.156679917,0,164,3,36,3.721475667,0
12,540,0.312404802,0,172,4,36,3.721475667,0
12,1296,0.552498812,1,226,3,36,3.721475667,0
13,227,-0.096690404,0,246,3,25,2.117949876,1
13,508,0.174561019,1,256,3,25,2.117949876,1
13,310,-1.559862703,0,205,2,25,2.117949876,1
13,1469,-1.956612165,0,128,3,25,2.117949876,1
13,663,1.096093467,0,155,3,25,2.117949876,1
13,1352,2.380235513,1,314,3,25,2.117949876,1
13,653,0.419631563,0,271,3,25,2.117949876,1
13,1033,-0.024857166,0,206,3,25,2.117949876,1
13,1056,1.813443741,0,188,3,25,2.117949876,1
13,686,-0.52267512,0,178,3,25,2.117949876,1
13,1537,0.09679286,0,216,3,25,2.117949876,1
13,1328,0.063512634,1,249,3,25,2.117949876,1
14,1982,-0.668632967,0,198,3,35,3.943193771,1
14,1031,0.550598088,1,282,3,35,3.943193771,1
14,105,0.175103188,1,238,4,35,3.943193771,1
14,575,-1.411676849,0,135,4,35,3.943193771,1
14,1005,-0.232911615,0,166,4,35,3.943193771,1
14,680,-0.153676579,0,141,3,35,3.943193771,1
14,353,-1.348206408,0,108,3,35,3.943193771,1
14,790,0.732446362,1,153,3,35,3.943193771,1
14,1019,0.768456187,0,203,3,35,3.943193771,1
14,1769,-0.39401121,1,227,4,35,3.943193771,1
14,488,0.715257949,1,276,4,35,3.943193771,1
15,355,0.16898465,1,126,4,35,3.704377721,1
15,885,0.573895714,1,210,3,35,3.704377721,1
15,1536,-1.402244976,0,119,4,35,3.704377721,1
15,282,-1.916786775,0,101,4,35,3.704377721,1
15,470,-0.019951103,0,207,4,35,3.704377721,1
15,1487,-0.906102133,1,177,4,35,3.704377721,1
16,1601,-1.829240628,0,87,4,39,3.253732056,1
16,1910,1.185516636,0,317,4,39,3.253732056,1
16,794,1.733368124,1,262,3,39,3.253732056,1
16,777,0.289906327,1,248,4,39,3.253732056,1
16,1217,-0.997779553,0,85,4,39,3.253732056,1
16,1805,-0.955230581,0,96,3,39,3.253732056,1
16,900,1.828669177,1,414,3,39,3.253732056,1
16,280,-0.613288242,0,201,3,39,3.253732056,1
16,1046,0.224745593,1,213,4,39,3.253732056,1
16,1778,0.755969855,1,270,3,39,3.253732056,1
16,377,-0.500961353,1,255,4,39,3.253732056,1
16,561,-0.52518441,0,179,2,39,3.253732056,1
16,498,-1.163182804,0,144,3,39,3.253732056,1
16,394,0.253105308,0,189,3,39,3.253732056,1
17,1278,-0.297371863,0,186,4,28,3.026290208,1
17,765,-0.221276522,0,110,4,28,3.026290208,1
17,1055,-0.542578208,0,135,3,28,3.026290208,1
17,1225,0.905288161,1,391,3,28,3.026290208,1
17,8,0.316428774,1,199,4,28,3.026290208,1
17,1789,0.379963069,0,136,3,28,3.026290208,1
18,898,1.074673419,1,156,3,53,3.678435302,0
18,1085,-0.140436479,1,200,3,53,3.678435302,0
18,1242,-2.073562158,0,105,4,53,3.678435302,0
18,837,0.435516334,1,223,3,53,3.678435302,0
18,683,1.014808247,1,296,3,53,3.678435302,0
18,1760,-0.006681216,1,130,3,53,3.678435302,0
18,511,-0.158001197,0,264,2,53,3.678435302,0
18,479,-0.419754778,0,179,4,53,3.678435302,0
19,1268,-0.887768251,0,91,3,41,4.08964991,0
19,932,0.749681334,1,201,3,41,4.08964991,0
19,1682,-0.619738274,0,129,4,41,4.08964991,0
19,758,0.290288047,1,162,4,41,4.08964991,0
19,1539,-0.774734426,1,221,3,41,4.08964991,0
19,10,-0.186311822,0,172,4,41,4.08964991,0
19,1822,0.531639825,1,171,3,41,4.08964991,0
19,1145,-1.267734513,0,101,4,41,4.08964991,0
19,1398,1.110429586,1,178,4,41,4.08964991,0
19,517,0.143088053,0,237,3,41,4.08964991,0
20,1348,1.524489104,1,173,4,62,4.45000249,0
20,1023,-0.30993326,0,161,3,62,4.45000249,0
20,828,-2.259447827,1,55,4,62,4.45000249,0
20,1465,-1.28950888,0,101,4,62,4.45000249,0
20,1635,-1.263527188,1,83,4,62,4.45000249,0
20,1826,-0.821718349,0,158,4,62,4.45000249,0
20,881,-0.321487004,0,183,4,62,4.45000249,0
20,69,0.767974461,1,237,4,62,4.45000249,0
21,854,-1.685359687,1,165,4,27,2.366945616,1
21,1577,0.21212243,0,317,2,27,2.366945616,1
21,485,-1.776308015,0,176,3,27,2.366945616,1
21,1331,1.163020245,1,278,3,27,2.366945616,1
21,911,0.189113582,1,254,4,27,2.366945616,1
21,300,0.780317365,1,182,2,27,2.366945616,1
21,917,-1.166355436,0,134,3,27,2.366945616,1
22,1108,-0.747320386,0,157,2,35,2.936822852,1
22,36,-0.410036055,0,129,4,35,2.936822852,1
22,72,0.600961464,0,222,3,35,2.936822852,1
22,727,-1.229806955,0,129,4,35,2.936822852,1
22,1040,0.910660055,0,299,3,35,2.936822852,1
22,1915,-0.753839771,0,211,3,35,2.936822852,1
22,926,-0.952837283,1,220,3,35,2.936822852,1
22,1054,2.063333225,1,286,3,35,2.936822852,1
22,203,-0.440132858,1,259,4,35,2.936822852,1
22,1690,0.354311104,1,277,4,35,2.936822852,1
22,630,-1.148062787,0,230,3,35,2.936822852,1
22,694,-1.325257239,0,162,3,35,2.936822852,1
22,144,0.012252006,1,203,4,35,2.936822852,1
22,829,0.904688981,1,317,3,35,2.936822852,1
22,815,-1.154887004,0,186,3,35,2.936822852,1
22,716,0.30053358,1,328,3,35,2.936822852,1
22,1456,1.661067714,1,246,3,35,2.936822852,1
23,1630,-0.677280308,0,125,3,51,4.119873263,0
23,1730,-0.85284517,0,112,3,51,4.119873263,0
23,269,0.017381113,1,178,4,51,4.119873263,0
23,1768,-1.501390225,0,114,4,51,4.119873263,0
23,1712,0.349775352,1,170,3,51,4.119873263,0
23,992,2.453109157,1,230,4,51,4.119873263,0
23,1430,-2.210597184,0,57,4,51,4.119873263,0
24,764,0.948735443,1,190,3,32,2.648780877,1
24,1523,-2.492471654,0,77,3,32,2.648780877,1
24,1811,2.033039766,1,224,4,32,2.648780877,1
24,1570,1.589815022,1,369,3,32,2.648780877,1
24,1809,-0.227356023,0,186,3,32,2.648780877,1
24,1466,-0.077978322,0,388,2,32,2.648780877,1
24,288,-0.148503493,0,205,4,32,2.648780877,1
24,207,-1.718832855,0,154,2,32,2.648780877,1
24,1338,0.380232999,1,386,3,32,2.648780877,1
24,1182,0.543837607,1,193,4,32,2.648780877,1
24,1403,1.374466204,1,277,3,32,2.648780877,1
25,234,1.825844698,1,356,3,52,4.29470373,1
25,624,0.048195766,0,165,4,52,4.29470373,1
26,489,1.334828203,1,330,3,25,3.317750556,1
26,1151,-1.951495013,0,78,4,25,3.317750556,1
26,328,-0.52321384,0,175,3,25,3.317750556,1
26,73,0.857215606,1,204,3,25,3.317750556,1
26,500,-1.431795296,0,172,3,25,3.317750556,1
26,1786,-1.788164665,0,132,3,25,3.317750556,1
26,658,-1.250574972,0,150,4,25,3.317750556,1
26,1130,0.094474746,0,235,3,25,3.317750556,1
26,697,0.299680341,1,277,3,25,3.317750556,1
26,1326,0.553097289,1,211,4,25,3.317750556,1
27,1202,-0.020769086,0,216,4,58,4.57270218,0
27,699,-1.455519028,0,84,4,58,4.57270218,0
27,1813,-1.33695756,1,99,4,58,4.57270218,0
27,1609,1.537665766,1,294,3,58,4.57270218,0
27,908,-0.757094794,0,115,4,58,4.57270218,0
27,1156,0.004897799,0,101,3,58,4.57270218,0
27,614,-0.560679233,1,124,4,58,4.57270218,0
27,48,0.288428956,1,139,4,58,4.57270218,0
28,248,1.496645525,1,190,2,30,3.196938299,0
28,682,-1.168161027,1,211,3,30,3.196938299,0
28,1657,0.284851803,1,237,3,30,3.196938299,0
28,156,-0.529436216,0,140,3,30,3.196938299,0
28,201,-0.19131925,1,143,4,30,3.196938299,0
28,1313,0.470598285,0,156,3,30,3.196938299,0
28,114,-1.488807,0,116,2,30,3.196938299,0
28,49,-0.209491587,0,256,3,30,3.196938299,0
28,369,-0.308620194,1,197,3,30,3.196938299,0
28,286,0.95864092,1,360,3,30,3.196938299,0
28,486,-0.713472676,0,151,3,30,3.196938299,0
29,1472,0.326961936,1,171,4,45,4.320697811,1
29,1195,-1.329982353,0,94,4,45,4.320697811,1
29,951,-0.797926146,1,115,4,45,4.320697811,1
29,813,-0.753980672,1,184,4,45,4.320697811,1
29,186,1.090798802,1,243,2,45,4.320697811,1
29,459,-0.574798557,0,178,3,45,4.320697811,1
29,298,-0.135323967,1,160,4,45,4.320697811,1
30,1132,0.733194346,1,207,4,41,3.37908407,1
30,273,0.793883017,1,287,3,41,3.37908407,1
30,1361,1.005340338,0,173,3,41,3.37908407,1
30,876,-1.366622171,0,121,2,41,3.37908407,1
30,821,-0.083111679,0,193,3,41,3.37908407,1
30,935,-0.190634598,0,172,4,41,3.37908407,1
30,17,-0.35576928,1,207,4,41,3.37908407,1
30,1356,0.144461689,0,149,4,41,3.37908407,1
30,948,-3.003021399,0,59,4,41,3.37908407,1
30,617,-0.683649618,0,141,4,41,3.37908407,1
30,1229,-0.472736204,1,216,4,41,3.37908407,1
30,200,-0.490805604,0,156,3,41,3.37908407,1
30,354,-0.326757763,0,235,3,41,3.37908407,1
30,524,-0.358684787,1,208,4,41,3.37908407,1
30,819,-1.749561578,0,105,4,41,3.37908407,1
31,253,-0.818009988,1,138,4,31,3.738803867,0
31,1893,1.313527086,1,277,4,31,3.738803867,0
31,1687,0.587936807,1,138,4,31,3.738803867,0
31,1275,2.912382152,1,329,3,31,3.738803867,0
31,704,-0.356486144,1,148,4,31,3.738803867,0
31,950,1.957300061,1,307,3,31,3.738803867,0
31,1728,-0.429235283,1,151,4,31,3.738803867,0
31,1188,0.748007808,1,156,3,31,3.738803867,0
31,80,0.297169905,0,177,3,31,3.738803867,0
31,1667,-1.718465151,0,129,3,31,3.738803867,0
31,1932,-1.476592992,0,74,3,31,3.738803867,0
31,1511,0.422018326,1,148,3,31,3.738803867,0
31,1034,-0.249647145,1,261,3,31,3.738803867,0
31,1603,-1.552659369,0,122,4,31,3.738803867,0
31,806,-0.869080098,0,123,3,31,3.738803867,0
31,1683,0.228469224,0,162,3,31,3.738803867,0
31,1627,-2.041203962,0,97,3,31,3.738803867,0
31,1923,1.746716388,0,255,3,31,3.738803867,0
32,1488,-0.070306127,1,167,4,48,4.638218633,0
32,1587,-1.512500112,0,68,4,48,4.638218633,0
32,924,1.262290883,1,176,4,48,4.638218633,0
32,76,0.347327722,1,233,3,48,4.638218633,0
32,1226,-1.834620385,0,71,4,48,4.638218633,0
33,914,0.2974139,0,182,3,28,2.803402752,1
33,1928,0.015328186,0,187,3,28,2.803402752,1
33,1584,1.681369757,1,256,3,28,2.803402752,1
33,1160,-0.172429289,0,252,3,28,2.803402752,1
33,1460,-0.409475839,0,212,3,28,2.803402752,1
33,1037,0.781541689,1,300,3,28,2.803402752,1
33,1294,-2.239592566,0,63,4,28,2.803402752,1
33,1799,-0.757991159,0,214,4,28,2.803402752,1
34,1582,0.480437355,1,243,3,32,3.563245107,1
34,1194,-0.038958685,0,209,2,32,3.563245107,1
34,988,0.332061751,1,189,3,32,3.563245107,1
34,1323,0.728090963,1,260,4,32,3.563245107,1
34,1452,-1.136813263,1,80,4,32,3.563245107,1
35,480,-0.048109028,0,217,2,25,2.395722472,1
35,672,1.826471421,1,260,2,25,2.395722472,1
35,759,0.306026047,1,369,4,25,2.395722472,1
35,652,0.469837562,1,318,4,25,2.395722472,1
35,1140,-0.698797532,0,204,3,25,2.395722472,1
35,88,0.038869741,1,265,3,25,2.395722472,1
35,1280,0.145071276,1,289,4,25,2.395722472,1
35,1300,0.670539956,0,289,3,25,2.395722472,1
36,681,0.745101311,0,181,3,43,3.515863633,1
36,503,-1.201272039,0,151,3,43,3.515863633,1
36,379,0.190644508,1,260,4,43,3.515863633,1
36,1113,0.210071965,0,186,3,43,3.515863633,1
36,1324,0.206506872,0,186,3,43,3.515863633,1
36,1110,0.207514913,1,190,4,43,3.515863633,1
37,37,0.147258269,1,273,4,41,4.048045298,1
37,1919,0.438503546,0,271,3,41,4.048045298,1
37,339,-0.743814891,0,181,4,41,4.048045298,1
37,875,0.742924677,0,202,3,41,4.048045298,1
37,56,0.573798883,1,172,4,41,4.048045298,1
37,71,0.196625842,0,238,3,41,4.048045298,1
38,934,0.702106359,1,264,4,44,4.543553073,1
38,882,-0.128650006,1,155,3,44,4.543553073,1
38,1505,-0.122309652,0,195,4,44,4.543553073,1
38,1999,-0.542025487,1,117,4,44,4.543553073,1
38,239,2.50675071,1,336,4,44,4.543553073,1
38,557,-2.106638583,1,65,4,44,4.543553073,1
38,574,1.01700154,0,225,3,44,4.543553073,1
38,1464,1.446148041,0,234,4,44,4.543553073,1
38,846,-1.106466304,0,76,3,44,4.543553073,1
38,1742,1.52663748,1,256,3,44,4.543553073,1
39,1527,0.68921322,0,176,4,45,4.00566691,1
39,151,-0.647620265,1,167,4,45,4.00566691,1
39,246,0.980954084,1,167,3,45,4.00566691,1
39,1869,-1.23014048,0,116,3,45,4.00566691,1
39,21,-0.235755164,1,177,3,45,4.00566691,1
39,1858,0.0550723,1,223,4,45,4.00566691,1
39,888,1.042970441,0,218,4,45,4.00566691,1
39,1133,1.00593074,1,156,4,45,4.00566691,1
39,666,-0.946075472,0,150,4,45,4.00566691,1
39,122,0.197069989,0,200,4,45,4.00566691,1
39,1449,0.690083772,1,304,4,45,4.00566691,1
39,287,0.083191157,0,195,2,45,4.00566691,1
40,1035,0.245561475,0,139,4,45,4.260039206,0
40,1839,0.488217883,0,154,3,45,4.260039206,0
40,918,0.892127585,1,140,3,45,4.260039206,0
40,1543,0.350150312,0,242,3,45,4.260039206,0
40,731,1.034273288,1,201,4,45,4.260039206,0
41,769,1.135819232,1,237,3,29,2.675650865,1
41,1861,1.732050554,1,239,3,29,2.675650865,1
41,306,1.286998235,0,302,2,29,2.675650865,1
41,1502,1.161195804,0,237,3,29,2.675650865,1
41,688,0.316645735,0,338,3,29,2.675650865,1
41,793,-0.274310634,0,293,3,29,2.675650865,1
41,92,-0.776689797,0,161,4,29,2.675650865,1
41,1474,-1.223898768,0,149,3,29,2.675650865,1
41,944,0.893640651,0,319,3,29,2.675650865,1
41,1240,0.763668182,1,231,3,29,2.675650865,1
41,1898,0.588213826,1,176,3,29,2.675650865,1
41,319,0.30467297,0,197,3,29,2.675650865,1
41,690,0.331636544,1,238,3,29,2.675650865,1
41,1437,1.232863371,1,283,3,29,2.675650865,1
41,1208,-0.884860697,0,135,3,29,2.675650865,1
42,350,-1.755700659,0,67,4,47,4.351775706,1
42,938,1.168834737,1,241,4,47,4.351775706,1
42,1371,1.366353975,1,218,4,47,4.351775706,1
42,1112,-0.839460568,0,87,3,47,4.351775706,1
42,1556,-0.326039832,0,129,3,47,4.351775706,1
42,1681,2.38844211,1,192,4,47,4.351775706,1
42,1098,1.339070666,0,179,4,47,4.351775706,1
42,1727,0.710459531,1,228,4,47,4.351775706,1
42,968,0.401327256,1,236,4,47,4.351775706,1
43,385,-0.068142425,0,207,3,32,2.650073085,1
43,1290,-1.799648005,0,107,4,32,2.650073085,1
43,1293,0.228780554,1,211,4,32,2.650073085,1
43,1867,-2.24995924,0,153,3,32,2.650073085,1
43,600,2.682523057,1,286,3,32,2.650073085,1
43,1025,0.060471397,0,250,3,32,2.650073085,1
43,1803,0.061132715,0,225,3,32,2.650073085,1
43,1267,0.774891963,0,210,3,32,2.650073085,1
43,1680,1.634175858,1,311,3,32,2.650073085,1
43,1981,-1.952587861,0,83,3,32,2.650073085,1
43,783,-0.317881147,0,174,3,32,2.650073085,1
43,1611,0.753624225,1,266,3,32,2.650073085,1
44,542,0.565605426,1,167,3,50,4.568239835,0
44,824,-1.494066639,0,106,4,50,4.568239835,0
44,1597,0.705019566,1,258,3,50,4.568239835,0
44,1621,1.260204727,1,236,4,50,4.568239835,0
44,1052,0.234758369,1,160,3,50,4.568239835,0
44,1563,-0.636160471,1,138,4,50,4.568239835,0
44,132,-0.132903403,1,148,4,50,4.568239835,0
44,1308,0.269168266,0,206,3,50,4.568239835,0
44,372,-1.480880964,0,97,4,50,4.568239835,0
44,984,0.15921083,1,314,4,50,4.568239835,0
45,1215,-1.246684807,0,140,4,40,3.763602856,0
45,1736,-0.562261644,1,166,4,40,3.763602856,0
45,668,0.897807113,0,299,3,40,3.763602856,0
45,113,0.189571414,1,233,4,40,3.763602856,0
45,1094,-0.120726417,1,272,4,40,3.763602856,0
45,1010,-0.485893859,1,195,4,40,3.763602856,0
45,771,0.608795707,1,154,4,40,3.763602856,0
45,1782,-1.35515201,1,134,3,40,3.763602856,0
45,1015,0.394434429,1,304,3,40,3.763602856,0
46,848,-0.553652921,1,195,4,52,3.944325059,0
46,838,-1.754177808,0,106,4,52,3.944325059,0
46,1847,-1.006830746,0,100,3,52,3.944325059,0
46,128,1.132967342,1,192,3,52,3.944325059,0
46,1384,1.784844899,1,489,4,52,3.944325059,0
46,1166,0.651773688,1,275,4,52,3.944325059,0
46,1123,-0.212338758,1,197,4,52,3.944325059,0
46,278,-0.396289901,1,129,3,52,3.944325059,0
46,576,-2.067809038,0,66,5,52,3.944325059,0
47,1115,-1.417542541,0,72,3,43,4.386080101,0
47,1346,-0.710346584,1,169,3,43,4.386080101,0
47,481,-0.935433913,0,86,4,43,4.386080101,0
47,678,-1.482659494,1,70,4,43,4.386080101,0
47,810,-0.370662868,0,228,4,43,4.386080101,0
47,590,1.299719062,1,272,4,43,4.386080101,0
47,1420,-0.368480199,0,155,4,43,4.386080101,0
47,1164,0.130124413,0,136,4,43,4.386080101,0
47,1053,0.149988308,0,122,3,43,4.386080101,0
48,1673,0.635711431,1,194,3,49,4.599040972,1
48,112,0.187885062,0,152,5,49,4.599040972,1
48,1121,-1.008011546,0,107,4,49,4.599040972,1
48,532,-1.393982498,0,136,4,49,4.599040972,1
48,1659,0.274917162,0,144,4,49,4.599040972,1
48,338,-0.071320436,0,164,4,49,4.599040972,1
48,1374,-1.169649332,0,128,3,49,4.599040972,1
48,381,1.933802308,1,346,3,49,4.599040972,1
48,1050,-0.319101493,1,116,4,49,4.599040972,1
48,1092,0.52909495,0,159,4,49,4.599040972,1
48,54,-0.073274363,0,178,3,49,4.599040972,1
48,40,-0.02194497,0,126,3,49,4.599040972,1
49,1773,-1.017287388,0,115,3,39,3.435499697,0
49,1514,2.175233067,1,238,4,39,3.435499697,0
49,321,-0.609176027,0,136,4,39,3.435499697,0
49,1255,-0.452172092,1,132,3,39,3.435499697,0
49,1751,-0.002474386,0,162,3,39,3.435499697,0
49,993,-2.129753502,0,92,3,39,3.435499697,0
50,1439,0.4765593,0,185,4,52,3.652142039,1
50,795,-1.390588278,0,149,3,52,3.652142039,1
50,671,0.222584215,1,148,3,52,3.652142039,1
50,1440,-0.63106074,0,104,4,52,3.652142039,1
50,1424,-2.487400884,0,77,3,52,3.652142039,1
50,1733,-0.228981559,1,217,3,52,3.652142039,1
50,1780,0.940863336,1,277,4,52,3.652142039,1
50,1387,1.407487142,1,211,4,52,3.652142039,1
50,1871,0.897882296,1,245,3,52,3.652142039,1
50,60,0.814978579,0,241,4,52,3.652142039,1
50,70,-1.395258897,0,124,3,52,3.652142039,1
50,1855,-1.403446104,0,111,4,52,3.652142039,1
50,883,1.611162454,1,262,3,52,3.652142039,1
50,616,2.057596821,1,264,4,52,3.652142039,1
51,753,-1.365129551,0,230,3,21,2.028890707,1
51,1891,-0.610389196,0,205,2,21,2.028890707,1
51,512,-1.548511151,0,155,4,21,2.028890707,1
51,220,-0.787854146,0,271,3,21,2.028890707,1
51,1951,-0.14123769,0,162,2,21,2.028890707,1
51,250,0.283596443,1,319,2,21,2.028890707,1
51,1163,-0.912049646,0,164,3,21,2.028890707,1
51,1382,-0.048246697,1,261,3,21,2.028890707,1
51,1976,0.083816166,0,171,2,21,2.028890707,1
52,1896,1.041205962,1,283,3,50,3.550481926,0
52,1422,-0.450139896,0,125,3,50,3.550481926,0
52,910,1.455945914,1,212,3,50,3.550481926,0
52,687,0.322220506,1,215,4,50,3.550481926,0
52,1911,2.271291234,1,376,3,50,3.550481926,0
52,1498,0.2481754,1,206,4,50,3.550481926,0
52,1416,-0.04785777,1,159,4,50,3.550481926,0
52,237,-1.406925505,0,128,3,50,3.550481926,0
52,1211,-0.794744736,0,159,3,50,3.550481926,0
52,1957,-1.025337561,0,122,4,50,3.550481926,0
53,185,-1.689592249,1,59,4,49,4.751806805,0
53,1694,-1.436798046,0,80,4,49,4.751806805,0
53,1265,-0.42872753,1,103,4,49,4.751806805,0
53,416,-1.143580886,0,48,4,49,4.751806805,0
53,415,1.032971465,1,164,4,49,4.751806805,0
53,1703,1.417052411,1,227,3,49,4.751806805,0
53,1089,1.991383329,1,157,3,49,4.751806805,0
53,1043,0.021821656,1,143,4,49,4.751806805,0
53,85,-1.324088939,0,138,4,49,4.751806805,0
53,1841,0.227096627,1,210,4,49,4.751806805,0
54,1478,0.982467807,0,505,1,20,0.711388892,1
54,880,0.31286923,1,374,1,20,0.711388892,1
54,1062,2.0005901,0,381,1,20,0.711388892,1
54,1578,-0.781924149,0,312,1,20,0.711388892,1
54,1650,-0.933266057,0,283,1,20,0.711388892,1
54,853,-0.435236268,0,184,2,20,0.711388892,1
54,1117,-1.264835083,0,222,2,20,0.711388892,1
54,205,-0.702024222,0,275,2,20,0.711388892,1
54,1674,0.986147054,0,271,2,20,0.711388892,1
54,331,1.234201485,1,423,2,20,0.711388892,1
54,1490,0.368592636,0,227,1,20,0.711388892,1
55,235,-0.252345473,0,169,3,49,3.61096516,0
55,1656,-0.163215788,0,138,3,49,3.61096516,0
55,812,0.599270831,1,160,3,49,3.61096516,0
55,684,-0.292944508,0,212,4,49,3.61096516,0
55,1706,-1.849715695,0,169,3,49,3.61096516,0
55,1041,-1.436915778,0,121,3,49,3.61096516,0
55,1106,-0.44821015,0,150,3,49,3.61096516,0
55,1661,0.373772392,1,197,3,49,3.61096516,0
55,341,0.212531623,0,166,2,49,3.61096516,0
55,433,0.075379126,1,233,4,49,3.61096516,0
56,1047,0.156557412,1,173,4,41,4.292777951,0
56,535,0.62735535,1,247,4,41,4.292777951,0
56,1468,1.086722414,0,173,3,41,4.292777951,0
56,1508,-0.260450718,1,164,4,41,4.292777951,0
56,1892,0.4073403,0,134,3,41,4.292777951,0
56,1669,-1.295068282,0,160,4,41,4.292777951,0
56,204,0.05908368,1,213,4,41,4.292777951,0
56,615,1.125043692,1,176,3,41,4.292777951,0
56,996,-0.68552766,0,132,3,41,4.292777951,0
56,213,1.701209039,1,229,4,41,4.292777951,0
57,349,-0.728701878,0,161,4,50,3.456083255,0
57,53,-1.258955544,0,103,3,50,3.456083255,0
57,1708,0.202030206,1,220,4,50,3.456083255,0
57,1201,-0.534772773,1,169,3,50,3.456083255,0
57,1685,-0.90266588,1,115,4,50,3.456083255,0
57,1743,-0.429467192,1,129,4,50,3.456083255,0
57,243,-1.344547349,1,169,4,50,3.456083255,0
57,709,1.847662924,1,331,3,50,3.456083255,0
57,536,-0.352833305,1,241,4,50,3.456083255,0
57,1042,0.453418546,0,224,3,50,3.456083255,0
57,733,0.121067005,0,154,3,50,3.456083255,0
58,605,1.16820634,0,257,3,36,3.700813369,1
58,541,-0.619009402,0,208,4,36,3.700813369,1
58,714,0.291645381,0,145,3,36,3.700813369,1
58,1917,-0.153878202,0,184,4,36,3.700813369,1
58,1454,0.001270987,0,120,3,36,3.700813369,1
58,879,-0.467970519,1,192,3,36,3.700813369,1
58,484,0.81716694,1,262,4,36,3.700813369,1
58,1003,0.788275561,1,197,4,36,3.700813369,1
58,11,0.004461276,0,137,4,36,3.700813369,1
59,1024,-0.274916971,1,161,4,31,2.861984457,0
59,14,1.041739551,1,385,3,31,2.861984457,0
59,435,0.40248977,1,136,3,31,2.861984457,0
59,1262,-0.468370335,0,118,3,31,2.861984457,0
59,1623,1.699996774,1,219,4,31,2.861984457,0
59,1339,0.142813338,1,210,3,31,2.861984457,0
59,1755,-0.438606414,1,252,3,31,2.861984457,0
59,553,-0.154928415,1,173,3,31,2.861984457,0
59,131,-1.205222362,1,140,3,31,2.861984457,0
59,1575,-0.652649754,0,246,3,31,2.861984457,0
60,1913,0.760422859,0,227,4,53,4.664217905,0
60,1334,-0.298204111,1,145,4,53,4.664217905,0
60,931,0.567611935,1,179,4,53,4.664217905,0
60,124,0.571319748,0,173,3,53,4.664217905,0
60,146,0.66726662,1,144,3,53,4.664217905,0
60,1499,-1.124582534,1,108,4,53,4.664217905,0
60,138,-0.580313553,0,126,3,53,4.664217905,0
60,293,-0.599911807,1,153,4,53,4.664217905,0
60,1197,-0.226228808,0,137,3,53,4.664217905,0
60,75,0.470112971,1,155,4,53,4.664217905,0
60,1846,0.678726121,1,148,4,53,4.664217905,0
60,160,-0.494713922,1,135,3,53,4.664217905,0
60,632,-0.190621281,1,188,4,53,4.664217905,0
60,175,0.630865895,0,202,3,53,4.664217905,0
61,861,0.4013365,0,172,4,49,4.367033701,1
61,1183,0.530266989,0,137,3,49,4.367033701,1
61,1542,0.531408454,0,193,4,49,4.367033701,1
61,312,-0.172327774,1,153,4,49,4.367033701,1
61,284,0.693783445,1,272,3,49,4.367033701,1
61,1383,-2.042225671,0,76,5,49,4.367033701,1
61,77,-1.308382551,0,76,4,49,4.367033701,1
61,527,0.981652544,1,260,4,49,4.367033701,1
61,1379,-0.796398652,0,89,4,49,4.367033701,1
61,50,-0.3322112,0,118,4,49,4.367033701,1
61,779,-1.237523866,0,119,4,49,4.367033701,1
62,1671,-0.318843982,0,406,2,23,1.768913662,1
62,1588,0.427302754,0,166,3,23,1.768913662,1
62,965,0.441646036,1,323,2,23,1.768913662,1
62,418,-2.00645421,0,139,3,23,1.768913662,1
62,1513,0.286996891,0,203,2,23,1.768913662,1
62,966,0.167694727,1,293,2,23,1.768913662,1
62,1632,-0.314602128,1,273,3,23,1.768913662,1
62,1435,-1.398049951,0,172,2,23,1.768913662,1
62,478,-1.750539753,0,130,3,23,1.768913662,1
63,1716,-0.797629161,0,102,3,27,3.117344517,1
63,464,0.584858141,0,184,2,27,3.117344517,1
63,126,-1.198991633,0,184,3,27,3.117344517,1
63,158,-0.845994934,0,124,4,27,3.117344517,1
63,1493,-0.30229707,0,193,3,27,3.117344517,1
63,410,1.085570279,0,163,4,27,3.117344517,1
63,1940,-0.781718055,1,229,3,27,3.117344517,1
63,1000,-0.439879483,0,173,4,27,3.117344517,1
64,482,1.23092738,0,389,3,38,4.365276835,1
64,1090,0.330449045,1,202,4,38,4.365276835,1
64,67,-2.321608162,0,39,4,38,4.365276835,1
64,232,0.151433765,0,176,4,38,4.365276835,1
64,627,-1.333703848,0,85,3,38,4.365276835,1
64,1988,-1.235047998,0,109,4,38,4.365276835,1
64,1707,-0.464020638,0,107,4,38,4.365276835,1
64,1325,-0.274377186,1,119,4,38,4.365276835,1
64,675,-0.784792544,0,155,3,38,4.365276835,1
64,913,-0.19151864,1,187,3,38,4.365276835,1
64,373,-1.22903719,1,90,4,38,4.365276835,1
65,1453,1.206738594,0,136,3,42,4.148443203,0
65,93,-1.512772028,0,44,4,42,4.148443203,0
65,263,-0.976889261,0,94,4,42,4.148443203,0
65,497,0.060865125,1,175,4,42,4.148443203,0
65,505,0.5086846,0,172,3,42,4.148443203,0
66,98,0.205391533,0,197,4,49,3.436985911,1
66,947,0.600458345,0,247,3,49,3.436985911,1
66,477,1.495312129,0,212,2,49,3.436985911,1
66,1873,-1.122104385,0,105,3,49,3.436985911,1
66,427,-0.108703506,1,165,3,49,3.436985911,1
66,1848,2.652295942,0,155,3,49,3.436985911,1
67,1792,-1.131917484,0,146,3,48,3.879108121,1
67,827,-0.25450573,0,125,4,48,3.879108121,1
67,1075,1.484768421,1,276,3,48,3.879108121,1
67,180,0.070348092,1,292,4,48,3.879108121,1
67,660,0.689606724,0,178,3,48,3.879108121,1
67,47,-0.861661697,0,102,3,48,3.879108121,1
67,607,-0.690390679,0,138,4,48,3.879108121,1
67,1622,1.024685044,1,245,4,48,3.879108121,1
67,456,-0.523108869,0,239,4,48,3.879108121,1
67,164,-0.604673578,0,137,3,48,3.879108121,1
68,1576,-0.867173445,1,163,3,36,3.065962948,0
68,580,0.326385406,1,238,3,36,3.065962948,0
68,260,-0.663993276,0,244,3,36,3.065962948,0
68,1747,1.497970569,1,261,3,36,3.065962948,0
68,905,-0.520040886,0,203,2,36,3.065962948,0
68,107,-1.0815942,0,125,4,36,3.065962948,0
68,655,-1.165533293,1,115,3,36,3.065962948,0
68,696,-0.237201436,1,158,3,36,3.065962948,0
68,515,0.348124544,0,186,3,36,3.065962948,0
68,1038,1.549499858,1,272,4,36,3.065962948,0
68,52,-0.406982404,0,278,3,36,3.065962948,0
68,457,-0.028673733,0,197,3,36,3.065962948,0
68,78,0.620425479,1,297,2,36,3.065962948,0
68,1942,-0.608941851,0,179,3,36,3.065962948,0
68,1757,-0.804379384,0,174,2,36,3.065962948,0
69,946,-0.16921591,0,195,4,53,3.830223572,1
69,361,0.489867117,1,244,3,53,3.830223572,1
69,1569,0.459449602,1,203,3,53,3.830223572,1
69,1473,-0.264398065,0,164,4,53,3.830223572,1
69,249,0.257636497,0,241,3,53,3.830223572,1
69,111,-1.566133432,1,104,4,53,3.830223572,1
69,1080,-1.587281139,0,61,4,53,3.830223572,1
69,1897,0.229977787,1,187,3,53,3.830223572,1
69,212,-1.707813412,0,62,3,53,3.830223572,1
69,1818,0.768665064,1,229,3,53,3.830223572,1
69,1579,0.57134477,1,328,3,53,3.830223572,1
70,322,-1.112954332,0,86,4,45,3.856749953,0
70,1591,-0.295400914,1,203,3,45,3.856749953,0
70,358,2.071742641,1,232,3,45,3.856749953,0
70,1872,0.964212386,1,239,4,45,3.856749953,0
70,1776,-0.820097105,0,160,3,45,3.856749953,0
70,303,-1.30589595,1,142,4,45,3.856749953,0
70,762,-0.881838852,0,151,3,45,3.856749953,0
70,89,-0.393691999,0,174,4,45,3.856749953,0
70,1057,-0.435439278,0,151,3,45,3.856749953,0
70,1274,-1.201662656,0,133,4,45,3.856749953,0
70,1096,1.772643781,1,353,2,45,3.856749953,0
70,622,-0.123458284,0,224,3,45,3.856749953,0
70,191,1.508293288,1,251,3,45,3.856749953,0
70,1291,0.339315639,1,134,3,45,3.856749953,0
71,981,-0.170188676,0,141,4,40,3.168393741,1
71,804,0.330682391,1,288,4,40,3.168393741,1
71,741,0.897255765,1,298,3,40,3.168393741,1
71,998,0.143745752,1,162,4,40,3.168393741,1
71,1351,0.170927693,1,278,4,40,3.168393741,1
71,899,-0.221040257,0,187,3,40,3.168393741,1
71,556,0.166753172,0,165,2,40,3.168393741,1
72,840,-0.239201646,1,102,3,50,4.123166532,0
72,13,0.22099687,0,252,4,50,4.123166532,0
72,562,0.338877963,1,168,4,50,4.123166532,0
72,1883,-0.029212084,1,201,4,50,4.123166532,0
72,1763,0.728256064,0,134,3,50,4.123166532,0
72,1184,-0.088087914,1,89,4,50,4.123166532,0
72,1476,-1.325569138,1,133,4,50,4.123166532,0
72,960,-0.233295107,0,127,3,50,4.123166532,0
72,1312,-0.266365687,0,117,4,50,4.123166532,0
72,24,-0.283786891,1,165,4,50,4.123166532,0
73,990,1.509264221,1,221,3,57,4.004193188,0
73,97,-0.660236511,0,146,3,57,4.004193188,0
73,1831,0.32730007,1,222,4,57,4.004193188,0
73,1191,1.787474181,1,226,3,57,4.004193188,0
73,871,0.554646865,1,179,3,57,4.004193188,0
73,442,0.843635141,1,292,4,57,4.004193188,0
73,864,-1.093396095,0,165,4,57,4.004193188,0
73,376,-0.980358706,0,108,4,57,4.004193188,0
73,440,-0.214983948,0,99,4,57,4.004193188,0
73,843,0.0711864,1,176,4,57,4.004193188,0
73,1228,1.089513396,1,268,3,57,4.004193188,0
73,509,-0.469908544,0,116,3,57,4.004193188,0
73,510,0.611030845,1,207,4,57,4.004193188,0
73,572,0.630284091,1,214,4,57,4.004193188,0
73,855,-0.695196264,1,156,4,57,4.004193188,0
74,1321,-1.094678675,0,101,4,43,3.792945129,0
74,1380,1.111729047,1,307,3,43,3.792945129,0
74,1347,0.171120598,1,181,4,43,3.792945129,0
74,1330,1.090954078,1,253,3,43,3.792945129,0
74,1761,-1.246498833,0,106,4,43,3.792945129,0
74,1286,-0.649607808,0,144,3,43,3.792945129,0
74,851,0.69987401,0,196,3,43,3.792945129,0
74,957,-0.061771012,1,179,4,43,3.792945129,0
74,750,0.636802061,1,247,4,43,3.792945129,0
74,370,-0.664375316,0,142,4,43,3.792945129,0
74,1984,-1.066001751,1,107,3,43,3.792945129,0
75,1253,-0.454859831,0,149,4,51,3.536234846,0
75,1953,-0.91371279,0,139,4,51,3.536234846,0
75,1248,0.554197599,1,236,3,51,3.536234846,0
75,1429,-0.58294559,1,182,4,51,3.536234846,0
75,226,0.164301365,0,158,4,51,3.536234846,0
75,1894,-0.18245482,1,209,3,51,3.536234846,0
75,1355,0.83323873,1,262,4,51,3.536234846,0
75,34,-0.168667542,0,204,3,51,3.536234846,0
75,1519,-1.559730107,0,74,4,51,3.536234846,0
75,1781,-1.18881378,0,132,4,51,3.536234846,0
75,643,-0.68041221,0,137,3,51,3.536234846,0
75,689,-1.166725938,0,119,3,51,3.536234846,0
76,761,-0.828940969,0,129,4,38,4.321468881,1
76,1946,-1.219252606,0,154,4,38,4.321468881,1
76,318,-1.674322168,0,75,5,38,4.321468881,1
76,907,-1.436051959,0,86,4,38,4.321468881,1
76,674,0.31473328,0,132,3,38,4.321468881,1
76,1884,0.986059111,0,251,4,38,4.321468881,1
77,472,-2.132427105,0,98,3,40,3.597867289,0
77,1333,1.465104494,1,212,3,40,3.597867289,0
77,528,-1.787276754,1,99,3,40,3.597867289,0
77,1705,-1.179568595,0,158,4,40,3.597867289,0
77,1252,-1.027536145,0,86,3,40,3.597867289,0
77,413,0.569290351,1,248,4,40,3.597867289,0
77,1266,-0.462250096,0,114,3,40,3.597867289,0
77,1461,-0.601666743,1,195,3,40,3.597867289,0
77,1785,0.046855242,1,270,3,40,3.597867289,0
78,119,1.239593691,1,192,3,41,3.947367011,1
78,1963,1.032659543,1,210,4,41,3.947367011,1
78,137,1.538566044,1,186,4,41,3.947367011,1
78,277,0.518853788,0,239,2,41,3.947367011,1
78,79,0.283229416,1,241,3,41,3.947367011,1
79,198,1.455222629,0,167,3,33,3.215351756,1
79,1001,0.236315613,0,233,3,33,3.215351756,1
79,1349,0.853317324,1,269,3,33,3.215351756,1
79,1966,-1.3293709,0,131,3,33,3.215351756,1
79,865,0.128419158,0,97,4,33,3.215351756,1
79,1744,0.208479821,0,196,3,33,3.215351756,1
79,1648,0.015837328,0,196,3,33,3.215351756,1
79,746,1.544472302,1,270,3,33,3.215351756,1
79,1076,-3.060630057,0,72,3,33,3.215351756,1
79,238,0.545728388,1,209,3,33,3.215351756,1
79,501,0.442970067,0,154,3,33,3.215351756,1
79,1073,-2.138450874,0,92,3,33,3.215351756,1
79,1675,-0.021283844,0,172,2,33,3.215351756,1
79,1270,1.212000137,0,88,3,33,3.215351756,1
79,1854,-0.751445251,0,174,4,33,3.215351756,1
79,820,1.284685884,1,226,3,33,3.215351756,1
79,242,0.772462062,1,277,4,33,3.215351756,1
80,1272,0.955023566,1,202,3,30,3.460313067,0
80,20,-0.656571399,0,147,4,30,3.460313067,0
80,732,0.532906242,1,179,3,30,3.460313067,0
80,1817,-0.705975689,1,148,3,30,3.460313067,0
80,292,0.585080323,1,241,4,30,3.460313067,0
80,1819,0.259694871,1,156,3,30,3.460313067,0
80,526,0.848796557,1,273,3,30,3.460313067,0
80,1828,-0.098818279,1,264,3,30,3.460313067,0
81,26,1.557709067,1,170,3,54,3.784121419,0
81,1401,-0.548944266,1,192,4,54,3.784121419,0
81,1303,1.336537508,1,203,3,54,3.784121419,0
81,1451,1.053925373,0,234,3,54,3.784121419,0
81,169,-0.221893716,1,217,3,54,3.784121419,0
81,890,-0.895767475,1,139,4,54,3.784121419,0
81,1615,0.0602194,0,186,3,54,3.784121419,0
81,1870,-0.899299643,0,132,4,54,3.784121419,0
82,309,-0.215789212,0,123,4,42,4.32734326,1
82,1967,0.372752439,1,185,4,42,4.32734326,1
82,894,-0.891220286,0,127,4,42,4.32734326,1
82,90,-0.243448282,0,176,4,42,4.32734326,1
82,154,-0.174137573,0,133,4,42,4.32734326,1
82,1259,-0.520080853,0,117,3,42,4.32734326,1
82,1345,-0.037919331,0,182,4,42,4.32734326,1
82,441,-0.331962925,0,118,3,42,4.32734326,1
82,1463,1.599153816,1,273,4,42,4.32734326,1
83,1408,-0.600020837,1,152,3,38,3.220419613,0
83,258,0.805087474,1,295,4,38,3.220419613,0
83,1077,0.647596075,1,163,4,38,3.220419613,0
83,407,-0.090812685,1,159,3,38,3.220419613,0
83,222,0.342978297,1,292,4,38,3.220419613,0
83,364,-0.427556808,0,157,3,38,3.220419613,0
83,399,-0.926076539,0,130,3,38,3.220419613,0
83,1764,0.897663964,1,244,4,38,3.220419613,0
83,1249,0.23369257,1,193,4,38,3.220419613,0
83,1276,1.006041594,1,200,4,38,3.220419613,0
83,856,-0.225422566,1,290,3,38,3.220419613,0
83,384,0.468668508,1,245,2,38,3.220419613,0
83,1929,0.737378856,1,330,3,38,3.220419613,0
83,1444,-1.413648863,0,123,4,38,3.220419613,0
83,1432,-1.5928412,0,110,4,38,3.220419613,0
84,585,0.939037561,1,165,3,39,3.875582557,0
84,1353,-0.83892553,1,142,4,39,3.875582557,0
84,973,-0.936789856,0,141,3,39,3.875582557,0
84,1752,0.254754535,1,133,4,39,3.875582557,0
84,1616,0.72086953,1,231,4,39,3.875582557,0
84,1500,1.04626617,1,243,4,39,3.875582557,0
84,368,-1.102193933,0,152,3,39,3.875582557,0
84,548,-0.447896292,1,120,4,39,3.875582557,0
84,290,1.473033891,0,200,3,39,3.875582557,0
84,826,0.003341887,1,222,4,39,3.875582557,0
84,566,0.67387123,1,227,3,39,3.875582557,0
85,625,0.252522542,1,339,4,27,3.007391753,0
85,183,-0.844965176,0,186,3,27,3.007391753,0
85,1480,0.513354209,1,191,4,27,3.007391753,0
85,449,-1.381277737,0,103,3,27,3.007391753,0
85,324,-0.802725778,0,154,3,27,3.007391753,0
85,665,1.085900969,1,244,3,27,3.007391753,0
85,315,-1.307823559,0,118,3,27,3.007391753,0
85,1153,0.45135447,1,239,4,27,3.007391753,0
86,1824,1.53169969,1,396,4,45,4.249848389,0
86,1144,-0.301763483,1,159,3,45,4.249848389,0
86,1431,0.116412786,1,233,4,45,4.249848389,0
86,346,0.450682002,0,327,3,45,4.249848389,0
86,337,-0.085479518,1,205,3,45,4.249848389,0
86,38,-1.50078768,1,76,4,45,4.249848389,0
86,1980,0.433742021,1,306,4,45,4.249848389,0
86,2,-0.948792622,0,84,4,45,4.249848389,0
86,1213,-0.430656444,1,166,4,45,4.249848389,0
86,594,-0.103166047,0,128,4,45,4.249848389,0
86,1850,0.23412678,1,136,5,45,4.249848389,0
86,612,-0.372373319,0,203,4,45,4.249848389,0
86,1765,-0.808466586,0,147,3,45,4.249848389,0
86,406,0.569528939,1,222,3,45,4.249848389,0
87,31,-0.370540441,0,200,4,43,3.901535753,0
87,1952,-0.456560718,0,163,4,43,3.901535753,0
87,492,-0.422748507,0,178,3,43,3.901535753,0
87,1082,0.189675847,1,221,3,43,3.901535753,0
87,1748,2.195626488,1,275,2,43,3.901535753,0
88,1455,0.084594328,1,217,3,52,4.433371957,0
88,1335,-0.083557829,1,123,3,52,4.433371957,0
88,283,0.109810408,0,219,3,52,4.433371957,0
88,1152,1.242335762,1,332,4,52,4.433371957,0
88,1058,1.146416977,1,165,4,52,4.433371957,0
88,538,-0.893162628,0,83,4,52,4.433371957,0
88,1124,0.195772067,1,115,4,52,4.433371957,0
88,1581,-1.288573655,0,119,3,52,4.433371957,0
88,1715,0.999660044,1,169,3,52,4.433371957,0
88,711,1.205571738,1,251,3,52,4.433371957,0
88,945,-1.095149561,0,115,4,52,4.433371957,0
88,1146,0.968519643,0,262,3,52,4.433371957,0
88,192,-1.126134379,0,135,4,52,4.433371957,0
88,1552,0.626870142,1,182,4,52,4.433371957,0
88,1438,0.581787126,0,177,4,52,4.433371957,0
88,1859,0.964904672,1,222,3,52,4.433371957,0
89,735,0.623666196,1,157,4,45,4.310643293,0
89,1109,-1.084908122,0,123,4,45,4.310643293,0
89,1779,-0.432547275,1,137,4,45,4.310643293,0
89,1103,-0.560784386,1,79,4,45,4.310643293,0
89,1821,-0.272027906,1,157,4,45,4.310643293,0
89,1995,-0.042510198,1,191,3,45,4.310643293,0
89,618,-0.448557551,1,160,4,45,4.310643293,0
89,1978,-1.897554674,0,83,4,45,4.310643293,0
90,1397,-1.089737594,0,99,4,35,3.959864325,1
90,547,0.082374277,1,182,4,35,3.959864325,1
90,700,-1.028919198,0,169,4,35,3.959864325,1
90,1710,-0.022072391,0,180,3,35,3.959864325,1
90,1059,-0.039672451,0,168,4,35,3.959864325,1
90,1665,1.445942998,1,230,4,35,3.959864325,1
91,1087,-1.433708939,0,89,4,43,4.1678002,0
91,1342,-0.359777938,1,127,4,43,4.1678002,0
91,1458,-1.080668438,1,144,4,43,4.1678002,0
91,1968,-0.046852473,1,126,3,43,4.1678002,0
91,1528,-0.048461726,1,137,3,43,4.1678002,0
91,725,0.13148414,1,287,4,43,4.1678002,0
92,1620,-0.364271149,0,215,3,37,3.362957036,0
92,1836,1.893571135,1,309,3,37,3.362957036,0
92,1256,0.50142746,0,176,4,37,3.362957036,0
92,108,0.155158078,0,266,3,37,3.362957036,0
92,772,0.378034674,0,187,3,37,3.362957036,0
92,1916,1.075082518,1,166,4,37,3.362957036,0
92,1955,-0.022042934,0,189,3,37,3.362957036,0
92,886,0.446423951,1,288,3,37,3.362957036,0
92,428,1.687084883,1,225,2,37,3.362957036,0
92,254,1.137079343,1,168,4,37,3.362957036,0
92,360,-0.059057068,0,164,4,37,3.362957036,0
92,1421,-0.130694189,1,167,3,37,3.362957036,0
92,670,0.000585582,1,226,4,37,3.362957036,0
92,110,-0.029331077,1,204,4,37,3.362957036,0
92,724,0.518598589,1,314,3,37,3.362957036,0
93,55,-0.180842497,0,112,3,36,3.674730343,1
93,1097,0.317863331,0,209,3,36,3.674730343,1
93,662,0.432452358,0,108,4,36,3.674730343,1
93,1392,-1.034649472,1,141,4,36,3.674730343,1
93,1925,-0.576373108,1,147,3,36,3.674730343,1
93,1702,1.528075463,1,330,3,36,3.674730343,1
93,718,1.203982378,1,236,4,36,3.674730343,1
93,1295,0.251964443,0,164,4,36,3.674730343,1
93,1851,1.177509463,1,219,3,36,3.674730343,1
94,1079,0.514521463,1,211,3,31,3.662107956,0
94,593,-0.328216303,1,178,4,31,3.662107956,0
94,961,0.266658119,1,216,4,31,3.662107956,0
94,814,-0.012579727,0,165,2,31,3.662107956,0
94,452,-0.214881447,1,297,4,31,3.662107956,0
94,954,-0.431329753,0,209,3,31,3.662107956,0
94,32,-0.32755089,1,168,4,31,3.662107956,0
94,1804,1.133593807,1,239,3,31,3.662107956,0
94,326,0.106044943,0,209,3,31,3.662107956,0
95,1009,0.333749883,1,225,4,41,3.960265281,1
95,1479,-1.655344238,0,72,4,41,3.960265281,1
95,537,-0.565079622,0,145,3,41,3.960265281,1
95,1617,1.138836327,1,180,3,41,3.960265281,1
95,1738,-1.25187219,0,92,3,41,3.960265281,1
95,768,0.702382215,1,155,3,41,3.960265281,1
95,1178,0.502235611,1,230,3,41,3.960265281,1
95,453,0.283441827,0,172,4,41,3.960265281,1
95,842,1.141341313,0,241,4,41,3.960265281,1
95,985,0.528863309,0,222,4,41,3.960265281,1
96,923,0.358455866,0,153,4,55,4.846993172,1
96,1845,1.001902498,0,175,4,55,4.846993172,1
96,756,-1.065300561,0,116,5,55,4.846993172,1
96,1147,-1.086017475,1,86,4,55,4.846993172,1
96,589,-0.534078332,0,113,4,55,4.846993172,1
96,344,-0.263250711,0,169,4,55,4.846993172,1
96,1590,0.057388268,0,135,3,55,4.846993172,1
96,388,-0.839210856,0,103,4,55,4.846993172,1
96,831,0.394853912,1,137,4,55,4.846993172,1
96,1299,1.155964144,1,256,4,55,4.846993172,1
96,640,-0.344733246,1,178,4,55,4.846993172,1
96,1284,-1.186956668,0,68,4,55,4.846993172,1
96,1787,-0.14760844,0,104,3,55,4.846993172,1
96,1315,-0.010711997,1,193,4,55,4.846993172,1
96,1726,-1.535152808,0,105,4,55,4.846993172,1
96,275,0.758773757,1,156,4,55,4.846993172,1
97,1954,-0.688338475,0,120,4,38,3.932126283,0
97,832,-0.604481373,1,112,4,38,3.932126283,0
97,1723,1.044643192,1,288,4,38,3.932126283,0
97,1598,-0.505184316,1,213,3,38,3.932126283,0
97,516,-0.066918076,1,234,4,38,3.932126283,0
97,1245,-0.050204043,0,161,4,38,3.932126283,0
97,1311,1.035763438,1,365,4,38,3.932126283,0
97,58,0.785073694,0,179,3,38,3.932126283,0
97,265,0.347221864,1,274,3,38,3.932126283,0
98,1629,2.334097509,1,364,4,50,3.467071822,1
98,647,0.386458715,0,272,3,50,3.467071822,1
98,941,-0.182185502,0,150,3,50,3.467071822,1
98,1357,1.07877428,1,172,4,50,3.467071822,1
98,42,0.412126894,0,201,3,50,3.467071822,1
98,395,1.083782404,0,273,3,50,3.467071822,1
98,343,-0.214877968,1,138,4,50,3.467071822,1
98,145,-1.514140122,0,60,3,50,3.467071822,1
98,785,-1.402937253,0,180,4,50,3.467071822,1
98,196,0.079270083,1,208,4,50,3.467071822,1
99,734,1.503039394,1,195,4,55,4.783435122,0
99,646,1.422124574,1,237,4,55,4.783435122,0
99,1759,0.706607278,1,198,4,55,4.783435122,0
99,786,-1.767537248,0,91,3,55,4.783435122,0
99,1516,-1.811312532,1,74,4,55,4.783435122,0
99,414,1.348049193,1,318,4,55,4.783435122,0
99,29,0.250260747,1,198,4,55,4.783435122,0
99,1618,0.579736086,1,185,3,55,4.783435122,0
100,1150,0.354386125,1,265,3,31,3.062569391,0
100,5,-1.129335138,1,171,3,31,3.062569391,0
100,1745,-0.737845018,1,202,3,31,3.062569391,0
100,1254,2.052625476,1,258,2,31,3.062569391,0
100,1060,1.983625022,1,300,3,31,3.062569391,0
100,896,0.838675157,1,283,3,31,3.062569391,0
100,216,3.359504229,1,538,3,31,3.062569391,0
101,1064,-2.011586583,0,95,4,49,3.750831566,0
101,1389,0.608761395,0,205,4,49,3.750831566,0
101,1643,2.860026876,1,359,3,49,3.750831566,0
101,1072,-2.056539008,1,127,4,49,3.750831566,0
101,1830,-1.201651128,0,100,4,49,3.750831566,0
101,728,-0.467473037,1,270,4,49,3.750831566,0
101,1216,1.21877746,1,243,3,49,3.750831566,0
101,754,0.092093803,1,171,4,49,3.750831566,0
101,877,0.756661339,1,156,3,49,3.750831566,0
101,23,0.214453812,0,145,4,49,3.750831566,0
101,1774,-0.169038305,1,197,4,49,3.750831566,0
102,1641,-0.041691099,1,164,4,59,4.437517649,0
102,1271,0.118625148,0,179,3,59,4.437517649,0
102,518,-0.371445668,0,121,3,59,4.437517649,0
102,25,-0.455396657,1,82,4,59,4.437517649,0
102,1879,-1.742588093,1,105,4,59,4.437517649,0
102,1095,0.651160561,1,231,4,59,4.437517649,0
102,419,-0.398947925,1,117,3,59,4.437517649,0
102,1237,-0.939715795,1,101,4,59,4.437517649,0
103,755,0.362718757,1,271,4,35,3.017944451,1
103,1863,-0.685663309,0,222,4,35,3.017944451,1
103,1369,1.269599209,1,350,3,35,3.017944451,1
103,1484,0.022354245,1,282,4,35,3.017944451,1
103,1568,2.020598182,1,346,3,35,3.017944451,1
103,844,0.310906732,0,138,4,35,3.017944451,1
103,776,1.141084425,1,153,3,35,3.017944451,1
103,18,2.26085329,1,467,4,35,3.017944451,1
103,529,-0.403305571,1,305,3,35,3.017944451,1
103,378,1.268901153,1,245,2,35,3.017944451,1
103,1360,1.277860687,0,243,3,35,3.017944451,1
103,1129,-0.130014812,0,144,3,35,3.017944451,1
103,852,1.477390556,1,276,3,35,3.017944451,1
103,874,0.357671551,0,218,3,35,3.017944451,1
103,307,0.872519597,1,257,3,35,3.017944451,1
103,1533,1.490296737,1,272,4,35,3.017944451,1
104,606,1.36183815,1,266,4,54,4.924377454,0
104,789,1.567908052,1,254,3,54,4.924377454,0
104,490,-1.712013469,0,69,5,54,4.924377454,0
104,274,-0.511474023,1,136,4,54,4.924377454,0
104,936,0.169115919,0,132,4,54,4.924377454,0
104,1535,1.222988513,0,167,3,54,4.924377454,0
104,179,0.058814391,0,127,4,54,4.924377454,0
104,1698,0.314562199,1,191,4,54,4.924377454,0
104,266,-0.651361541,1,110,4,54,4.924377454,0
104,1402,0.07663893,0,149,4,54,4.924377454,0
104,1238,0.493093196,1,193,4,54,4.924377454,0
105,1562,0.711061943,0,235,3,24,2.811686481,1
105,555,-0.260898381,0,229,3,24,2.811686481,1
105,1589,-0.353502145,0,161,3,24,2.811686481,1
105,649,-0.393274753,1,288,3,24,2.811686481,1
105,1126,-0.900645127,1,168,4,24,2.811686481,1
105,644,0.518093815,0,226,2,24,2.811686481,1
105,1393,0.667077067,1,293,3,24,2.811686481,1
105,835,-1.566846768,1,175,3,24,2.811686481,1
105,1934,-0.807678682,0,236,3,24,2.811686481,1
105,1987,1.745067922,1,308,4,24,2.811686481,1
105,436,-0.314468741,0,244,3,24,2.811686481,1
105,272,-0.79879786,0,228,3,24,2.811686481,1
105,1990,0.579758869,0,194,3,24,2.811686481,1
105,236,-1.153576025,0,152,4,24,2.811686481,1
105,1783,0.208947724,0,151,3,24,2.811686481,1
105,1081,1.031417253,1,252,3,24,2.811686481,1
106,214,0.404583584,1,229,3,40,3.416535192,0
106,125,-0.78573339,0,160,4,40,3.416535192,0
106,1633,-3.058565644,0,44,3,40,3.416535192,0
106,22,1.005852969,1,314,3,40,3.416535192,0
106,1642,1.799315641,1,250,2,40,3.416535192,0
106,915,1.490815291,1,333,4,40,3.416535192,0
106,1344,-2.131876194,0,89,4,40,3.416535192,0
106,1367,1.226355467,0,218,3,40,3.416535192,0
107,1939,-0.221574813,0,410,1,20,1.49787133,1
107,87,0.218169331,1,253,3,20,1.49787133,1
107,859,-1.754077142,0,216,3,20,1.49787133,1
107,744,-1.43037147,0,224,2,20,1.49787133,1
107,1475,2.84987668,1,332,2,20,1.49787133,1
107,763,0.3933598,0,301,2,20,1.49787133,1
108,1368,-1.062659881,1,168,4,58,3.863908757,0
108,1159,0.827471418,1,271,3,58,3.863908757,0
108,685,-1.779945975,0,100,3,58,3.863908757,0
108,1796,-0.377034585,0,143,3,58,3.863908757,0
108,1128,0.105465081,1,169,4,58,3.863908757,0
108,1287,-1.078385558,1,187,3,58,3.863908757,0
108,565,-0.444045134,1,142,4,58,3.863908757,0
108,1020,-0.526213588,1,137,4,58,3.863908757,0
108,1307,1.230721869,1,239,4,58,3.863908757,0
108,1724,0.776842145,0,279,4,58,3.863908757,0
108,582,-1.001294027,0,127,4,58,3.863908757,0
108,1737,-0.771699239,1,122,3,58,3.863908757,0
109,1246,-0.445433171,1,185,3,43,4.15735686,0
109,1795,-2.195609932,0,105,4,43,4.15735686,0
109,276,1.461411057,1,301,3,43,4.15735686,0
109,760,0.984086005,1,202,4,43,4.15735686,0
109,267,-0.3908364,1,192,4,43,4.15735686,0
109,121,-0.490185614,0,115,4,43,4.15735686,0
109,839,-0.059761592,1,150,3,43,4.15735686,0
109,1209,0.028684746,0,155,3,43,4.15735686,0
109,792,-0.898295306,0,130,3,43,4.15735686,0
109,259,0.221827037,1,124,4,43,4.15735686,0
109,187,0.442893429,1,137,4,43,4.15735686,0
109,1766,1.529024165,1,212,4,43,4.15735686,0
109,392,-0.589629569,0,87,3,43,4.15735686,0
109,939,-0.390760836,0,113,3,43,4.15735686,0
110,424,-0.097506216,0,142,3,45,4.062012813,1
110,1524,-0.789069763,0,128,4,45,4.062012813,1
110,299,1.164265078,1,221,3,45,4.062012813,1
110,661,-0.657709672,0,148,4,45,4.062012813,1
110,1241,-1.408034818,0,112,3,45,4.062012813,1
110,1866,-0.480170905,1,188,4,45,4.062012813,1
110,96,0.309657523,0,147,3,45,4.062012813,1
110,975,-1.635012321,0,44,4,45,4.062012813,1
110,1583,0.023050415,1,175,4,45,4.062012813,1
111,534,1.833118741,1,318,4,39,4.395599197,0
111,1679,0.120875215,0,200,4,39,4.395599197,0
111,766,-0.523396674,1,285,4,39,4.395599197,0
111,797,-0.580298416,1,134,3,39,4.395599197,0
111,1161,-0.375012107,0,129,4,39,4.395599197,0
111,325,-0.287269933,0,127,3,39,4.395599197,0
111,1689,0.378863414,1,92,3,39,4.395599197,0
111,262,-0.707882551,0,188,4,39,4.395599197,0
111,970,-1.441450035,1,98,4,39,4.395599197,0
111,1612,0.346727153,1,211,3,39,4.395599197,0
111,1378,0.721073361,1,213,4,39,4.395599197,0
111,1550,0.876373864,1,221,4,39,4.395599197,0
111,118,1.566294814,1,273,4,39,4.395599197,0
112,193,-0.79535767,1,177,4,46,4.332094325,0
112,65,1.018758616,1,221,4,46,4.332094325,0
112,1169,-0.791078523,1,163,4,46,4.332094325,0
112,1503,1.25726346,1,247,3,46,4.332094325,0
112,1977,-1.785419317,0,100,4,46,4.332094325,0
112,1729,1.871565832,0,246,3,46,4.332094325,0
112,903,0.197710882,1,122,4,46,4.332094325,0
113,1801,-0.72043143,0,122,3,30,3.718168027,1
113,604,-0.525686218,0,168,3,30,3.718168027,1
113,1494,1.166798557,1,256,3,30,3.718168027,1
113,173,0.688618385,1,274,4,30,3.718168027,1
113,1199,0.583305377,0,198,4,30,3.718168027,1
113,423,-0.05298438,0,134,4,30,3.718168027,1
113,163,0.090005601,0,281,3,30,3.718168027,1
113,294,0.621819204,1,202,4,30,3.718168027,1
114,1134,-0.021104489,0,130,3,44,4.591214101,0
114,195,0.085949942,1,233,4,44,4.591214101,0
114,1905,-0.546735915,0,103,3,44,4.591214101,0
114,469,-0.827742723,0,155,4,44,4.591214101,0
114,1807,0.866999971,1,281,4,44,4.591214101,0
114,739,-0.238619637,1,117,4,44,4.591214101,0
114,7,0.623690452,1,144,4,44,4.591214101,0
114,955,-1.761026598,1,43,4,44,4.591214101,0
114,1771,-2.682920724,1,42,4,44,4.591214101,0
114,451,0.180333013,0,201,3,44,4.591214101,0
114,895,-0.501621851,0,111,4,44,4.591214101,0
114,91,0.029419933,1,147,4,44,4.591214101,0
114,1921,-0.924391299,1,120,4,44,4.591214101,0
115,1553,-0.481071339,0,180,4,39,3.672296169,0
115,44,0.061246711,1,166,4,39,3.672296169,0
115,677,0.490548463,0,203,2,39,3.672296169,0
115,1895,-1.140514525,0,136,4,39,3.672296169,0
115,1974,1.764369822,1,316,3,39,3.672296169,0
115,1167,-0.755068796,0,154,3,39,3.672296169,0
115,631,-1.130619734,0,158,4,39,3.672296169,0
115,1171,-1.940560026,0,66,3,39,3.672296169,0
115,1496,-1.653102285,0,101,4,39,3.672296169,0
115,127,-0.271046781,1,160,3,39,3.672296169,0
115,476,1.067460239,1,327,3,39,3.672296169,0
115,1662,-0.568317498,1,141,4,39,3.672296169,0
115,978,-1.181411193,1,173,4,39,3.672296169,0
115,1131,-0.980674887,0,91,3,39,3.672296169,0
115,1885,0.773164358,1,232,4,39,3.672296169,0
116,1234,1.245579093,0,181,4,34,3.016260703,1
116,979,-1.707637417,0,92,4,34,3.016260703,1
116,461,-0.204257014,0,139,3,34,3.016260703,1
116,1176,-1.831749759,0,117,4,34,3.016260703,1
116,645,0.783840287,1,223,3,34,3.016260703,1
116,1560,-0.427959136,0,165,2,34,3.016260703,1
116,408,-0.534511947,0,263,3,34,3.016260703,1
116,577,-2.252300655,0,89,4,34,3.016260703,1
116,340,-0.162327529,0,181,3,34,3.016260703,1
116,157,-0.151100302,0,259,4,34,3.016260703,1
116,1899,0.639345425,0,186,3,34,3.016260703,1
117,873,-0.357327508,1,175,4,59,4.786795178,0
117,1412,-0.542001346,1,138,4,59,4.786795178,0
117,471,-1.378857152,0,75,3,59,4.786795178,0
117,568,0.003110749,0,151,3,59,4.786795178,0
117,1415,-0.504368847,1,112,4,59,4.786795178,0
117,904,1.081461762,1,200,4,59,4.786795178,0
117,1746,0.485271866,1,151,3,59,4.786795178,0
117,1337,1.187289919,1,239,4,59,4.786795178,0
118,608,1.035958843,1,307,3,31,3.137101267,0
118,1624,-0.472083597,0,222,4,31,3.137101267,0
118,1735,0.171247753,0,224,3,31,3.137101267,0
118,142,-0.491506368,1,276,2,31,3.137101267,0
118,327,-0.726234381,0,159,3,31,3.137101267,0
118,1950,0.402397484,1,269,3,31,3.137101267,0
118,39,0.617436417,1,328,3,31,3.137101267,0
118,530,-1.409630295,1,190,3,31,3.137101267,0
118,206,0.831730719,1,317,4,31,3.137101267,0
118,1644,0.435594683,1,220,3,31,3.137101267,0
118,1366,-1.612465878,0,108,4,31,3.137101267,0
118,751,0.015590349,1,185,4,31,3.137101267,0
118,4,0.73098682,1,168,3,31,3.137101267,0
118,1428,-2.223523685,0,74,4,31,3.137101267,0
118,807,-0.67402071,0,137,3,31,3.137101267,0
119,230,-0.875192768,0,153,3,23,1.862291504,1
119,1903,1.09012953,1,270,3,23,1.862291504,1
119,335,1.130036196,1,287,3,23,1.862291504,1
119,1206,-0.760009952,0,214,4,23,1.862291504,1
119,1881,0.508967326,0,236,2,23,1.862291504,1
119,808,-0.946331681,0,109,3,23,1.862291504,1
119,1039,0.299861761,1,316,3,23,1.862291504,1
119,1887,0.863678148,1,297,4,23,1.862291504,1
119,773,-0.056027928,0,163,2,23,1.862291504,1
119,1541,-0.250763586,0,295,3,23,1.862291504,1
119,1540,-2.259902177,0,132,4,23,1.862291504,1
119,1876,-0.411521872,0,301,3,23,1.862291504,1
119,68,-2.039743575,0,164,4,23,1.862291504,1
119,389,-0.319236463,0,176,3,23,1.862291504,1
120,1949,-1.517146636,0,102,4,37,3.303551368,0
120,657,0.245533284,1,205,3,37,3.303551368,0
120,1750,-0.082282136,1,202,3,37,3.303551368,0
120,1013,-1.354187391,1,164,4,37,3.303551368,0
120,483,0.365512603,0,179,3,37,3.303551368,0
120,953,0.671244972,1,177,3,37,3.303551368,0
121,1889,-0.461496318,1,134,4,40,4.050932665,0
121,1029,0.250554134,1,231,3,40,4.050932665,0
121,982,-0.443774317,1,174,3,40,4.050932665,0
121,1343,0.916410722,1,121,4,40,4.050932665,0
121,468,-0.485801494,0,144,4,40,4.050932665,0
121,1933,0.587404901,1,226,4,40,4.050932665,0
121,9,0.824939496,1,222,4,40,4.050932665,0
121,720,-0.182926763,1,152,3,40,4.050932665,0
121,1388,0.555434585,1,247,4,40,4.050932665,0
121,1101,0.203808621,1,247,3,40,4.050932665,0
121,774,-0.155366328,0,142,3,40,4.050932665,0
121,493,0.043581136,1,222,4,40,4.050932665,0
122,1483,1.605519453,1,254,4,35,3.624267918,1
122,1083,-0.303651242,0,187,3,35,3.624267918,1
122,659,-0.828877154,0,140,3,35,3.624267918,1
122,1061,-0.431502313,0,181,4,35,3.624267918,1
122,1907,-0.799478159,0,142,3,35,3.624267918,1
122,149,1.604882969,1,236,3,35,3.624267918,1
122,1608,-1.739846177,0,94,4,35,3.624267918,1
122,999,-0.159096316,0,208,4,35,3.624267918,1
122,1938,1.480438185,1,248,3,35,3.624267918,1
122,1137,-1.679136433,0,128,3,35,3.624267918,1
122,444,-0.225964443,1,146,4,35,3.624267918,1
122,1645,0.984092033,1,264,4,35,3.624267918,1
122,63,-2.142951871,0,46,4,35,3.624267918,1
122,1688,0.385062999,0,171,4,35,3.624267918,1
122,1288,2.550868773,1,226,3,35,3.624267918,1
122,1652,-0.509745325,0,133,3,35,3.624267918,1
122,270,-0.62210755,0,172,4,35,3.624267918,1
123,1865,-0.921084836,0,259,2,20,0.419129623,1
123,120,1.059568788,0,322,1,20,0.419129623,1
123,1314,-0.23839656,0,238,3,20,0.419129623,1
123,1063,2.263733346,0,410,1,20,0.419129623,1
123,1285,-0.904239118,0,245,1,20,0.419129623,1
123,412,1.449528064,0,355,1,20,0.419129623,1
123,1459,0.720986453,0,336,1,20,0.419129623,1
124,1518,0.563378411,0,188,4,50,4.270976331,1
124,633,-0.414638577,1,164,4,50,4.270976331,1
124,730,0.782470486,1,148,4,50,4.270976331,1
124,995,-0.338007359,0,129,4,50,4.270976331,1
124,639,0.483040622,1,148,4,50,4.270976331,1
124,1602,-0.046121323,0,177,4,50,4.270976331,1
124,1399,0.676517796,1,195,4,50,4.270976331,1
124,1012,-0.600576017,1,141,4,50,4.270976331,1
124,1425,0.107465576,0,153,4,50,4.270976331,1
124,1663,1.380139606,1,273,3,50,4.270976331,1
124,434,0.832280536,1,228,4,50,4.270976331,1
125,782,-1.35775223,1,124,4,42,4.371545004,1
125,742,-1.094736426,0,93,4,42,4.371545004,1
125,1777,0.235389455,0,138,3,42,4.371545004,1
125,1546,-0.047145995,0,223,3,42,4.371545004,1
125,800,-0.44403491,0,168,3,42,4.371545004,1
125,103,-0.920889245,0,118,4,42,4.371545004,1
125,1684,0.293634124,0,212,4,42,4.371545004,1
126,362,0.581672955,1,327,4,55,4.166035365,0
126,920,-0.86483643,0,131,4,55,4.166035365,0
126,1411,-0.841063047,1,135,4,55,4.166035365,0
126,1806,0.668278252,1,234,4,55,4.166035365,0
126,1067,0.192892457,1,119,4,55,4.166035365,0
126,767,-1.85364359,1,83,4,55,4.166035365,0
126,1423,-0.205771745,0,152,4,55,4.166035365,0
126,676,-0.988373575,0,187,4,55,4.166035365,0
126,1902,-1.741003883,0,78,4,55,4.166035365,0
126,491,-0.479988153,0,149,4,55,4.166035365,0
127,1628,0.588955755,0,219,3,20,1.437035785,1
127,1962,-0.011053777,1,421,3,20,1.437035785,1
127,976,-0.727877587,0,293,2,20,1.437035785,1
127,863,1.001348126,1,363,3,20,1.437035785,1
127,311,-0.111607085,0,293,2,20,1.437035785,1
127,752,-0.168077674,0,228,2,20,1.437035785,1
127,59,0.582308097,0,300,4,20,1.437035785,1
127,610,-0.613291598,0,183,2,20,1.437035785,1
127,803,0.553256161,1,409,2,20,1.437035785,1
127,143,1.192464691,1,276,3,20,1.437035785,1
127,928,-0.732941611,1,227,2,20,1.437035785,1
128,726,-1.53326131,0,100,4,50,4.204725686,1
128,1186,0.740642368,1,174,4,50,4.204725686,1
128,1385,0.824620259,0,143,3,50,4.204725686,1
128,285,1.652767764,1,284,4,50,4.204725686,1
128,1116,0.01108674,1,163,3,50,4.204725686,1
128,45,1.273495306,0,204,4,50,4.204725686,1
128,1317,0.421834177,1,222,4,50,4.204725686,1
128,1906,-0.308614052,1,120,4,50,4.204725686,1
129,420,-0.545927477,1,233,2,21,1.874866313,1
129,1269,-0.114870327,0,256,4,21,1.874866313,1
129,1997,0.202725092,1,301,4,21,1.874866313,1
129,586,-0.00865733,1,167,3,21,1.874866313,1
129,1651,-2.47776623,0,127,4,21,1.874866313,1
129,519,-2.452550594,0,81,3,21,1.874866313,1
129,448,-0.808970946,0,155,3,21,1.874866313,1
129,722,-1.370207347,0,163,4,21,1.874866313,1
129,1187,-0.091573497,0,223,3,21,1.874866313,1
129,1066,-1.960840723,0,151,4,21,1.874866313,1
129,176,1.317549734,0,231,2,21,1.874866313,1
129,552,-1.252598752,0,118,3,21,1.874866313,1
129,152,-0.182361891,0,276,2,21,1.874866313,1
129,1704,0.626660974,1,275,3,21,1.874866313,1
129,1504,-1.26020939,0,241,3,21,1.874866313,1
130,1557,0.856813694,1,297,2,21,1.989856724,1
130,638,0.870215973,0,243,2,21,1.989856724,1
130,139,0.413945178,1,150,3,21,1.989856724,1
130,357,-0.138149559,0,109,2,21,1.989856724,1
130,867,0.054898304,1,266,2,21,1.989856724,1
130,972,0.536757842,1,370,3,21,1.989856724,1
130,1049,0.047524392,0,167,4,21,1.989856724,1
130,927,-1.127849483,0,211,3,21,1.989856724,1
130,1118,-0.109362753,0,180,2,21,1.989856724,1
130,1264,0.263092573,1,246,2,21,1.989856724,1
130,791,0.848057559,0,310,2,21,1.989856724,1
131,188,-0.529554951,0,147,3,44,3.916150446,0
131,301,0.47657614,1,175,4,44,3.916150446,0
131,1526,0.588688137,0,151,3,44,3.916150446,0
131,564,0.364251066,1,255,4,44,3.916150446,0
131,991,-0.539037498,1,171,3,44,3.916150446,0
131,1909,-1.092375554,0,90,4,44,3.916150446,0
131,1558,0.485010129,0,182,3,44,3.916150446,0
131,1711,0.274027735,0,197,4,44,3.916150446,0
131,778,-0.563721223,0,118,3,44,3.916150446,0
131,1852,-1.048917661,1,154,3,44,3.916150446,0
131,1377,0.621725124,1,280,3,44,3.916150446,0
132,390,-0.038582758,0,215,3,27,2.933634674,1
132,1625,0.941302263,1,278,2,27,2.933634674,1
132,1856,1.301931942,1,215,4,27,2.933634674,1
132,1691,1.100560756,1,230,3,27,2.933634674,1
132,1538,0.70087612,0,251,3,27,2.933634674,1
132,1105,0.170299656,1,238,3,27,2.933634674,1
132,30,-1.064739689,1,153,4,27,2.933634674,1
132,295,-0.921299724,0,162,3,27,2.933634674,1
133,1838,-0.825112023,0,164,4,52,4.422771851,1
133,1204,0.558711753,0,231,3,52,4.422771851,1
133,796,0.467511658,0,159,3,52,4.422771851,1
133,182,-0.007020113,0,195,4,52,4.422771851,1
133,692,-1.451257114,0,89,3,52,4.422771851,1
134,1638,-0.239662379,0,125,4,51,4.114600707,0
134,952,0.083647715,0,164,3,51,4.114600707,0
134,1740,-0.977352572,0,109,3,51,4.114600707,0
134,1173,1.337940461,1,216,3,51,4.114600707,0
134,919,-0.481841639,0,109,3,51,4.114600707,0
134,1004,0.036713446,1,131,4,51,4.114600707,0
134,1814,0.43915643,0,261,4,51,4.114600707,0
134,994,-1.226028393,0,151,4,51,4.114600707,0
134,1692,1.356647641,1,155,3,51,4.114600707,0
134,421,-0.09021638,0,146,3,51,4.114600707,0
134,1281,0.713511367,1,183,4,51,4.114600707,0
134,1585,0.669407228,1,208,3,51,4.114600707,0
134,1908,0.618694302,0,164,3,51,4.114600707,0
135,437,-0.469545993,1,131,4,35,3.984338584,1
135,1192,-0.264539537,0,174,3,35,3.984338584,1
135,1790,1.245532528,1,254,4,35,3.984338584,1
135,308,0.842198745,0,231,3,35,3.984338584,1
135,1714,-1.389380553,0,85,3,35,3.984338584,1
135,1606,0.475451535,0,157,4,35,3.984338584,1
135,1970,1.664671871,1,259,3,35,3.984338584,1
135,1336,-0.688684628,0,135,4,35,3.984338584,1
135,784,-0.109392315,1,225,4,35,3.984338584,1
135,1658,-0.883403414,0,103,4,35,3.984338584,1
136,1825,-1.249102613,0,170,4,30,3.076405587,1
136,1996,1.290045003,1,391,4,30,3.076405587,1
136,648,0.549194405,0,226,2,30,3.076405587,1
136,1239,0.07411943,0,179,4,30,3.076405587,1
136,1561,-0.08275565,0,204,4,30,3.076405587,1
136,1713,0.267475186,0,281,3,30,3.076405587,1
136,811,-0.829393876,1,178,3,30,3.076405587,1
136,1512,-0.898371295,0,92,2,30,3.076405587,1
136,302,0.514365789,0,220,3,30,3.076405587,1
136,447,-0.415597552,0,164,3,30,3.076405587,1
136,833,-2.464338436,0,102,3,30,3.076405587,1
137,130,0.173012517,0,248,4,29,3.600922138,1
137,1196,-0.262565843,0,145,3,29,3.600922138,1
137,1273,1.180996135,1,258,3,29,3.600922138,1
137,502,2.505730096,1,325,4,29,3.600922138,1
137,823,-0.736590329,1,180,4,29,3.600922138,1
137,297,0.27213273,1,302,2,29,3.600922138,1
137,1965,-0.432901895,0,151,3,29,3.600922138,1
137,1221,-2.159410852,0,104,4,29,3.600922138,1
137,1719,1.819727484,1,355,3,29,3.600922138,1
137,1261,-0.657039785,1,196,4,29,3.600922138,1
138,701,-0.415015163,0,257,3,50,3.462380332,1
138,57,1.36260656,1,250,3,50,3.462380332,1
138,857,-0.58916822,0,171,3,50,3.462380332,1
138,862,-0.822824865,0,139,2,50,3.462380332,1
138,467,-0.265096045,1,237,4,50,3.462380332,1
138,1139,-2.012331095,0,66,4,50,3.462380332,1
138,707,1.207926337,1,367,4,50,3.462380332,1
138,1212,-0.950528284,1,168,4,50,3.462380332,1
138,61,-1.372294781,0,129,4,50,3.462380332,1
138,99,-1.078788711,0,149,3,50,3.462380332,1
138,1599,1.201619419,1,338,3,50,3.462380332,1
139,19,-0.16132541,0,136,2,41,4.385160806,1
139,12,0.797527077,0,185,3,41,4.385160806,1
139,1935,0.452622964,1,180,4,41,4.385160806,1
139,1227,-0.636645716,0,148,4,41,4.385160806,1
139,1530,-1.760246401,0,113,3,41,4.385160806,1
139,1135,-0.877979012,0,72,3,41,4.385160806,1
139,584,-0.189451253,0,110,4,41,4.385160806,1
139,1626,-0.881194618,0,112,4,41,4.385160806,1
139,989,-0.754938154,0,120,4,41,4.385160806,1
140,601,0.457302074,0,175,4,53,4.849379172,0
140,1410,-1.513333166,0,83,3,53,4.849379172,0
140,1119,-1.38711678,0,83,4,53,4.849379172,0
140,1731,-1.955719264,0,70,4,53,4.849379172,0
140,736,0.306091477,1,178,4,53,4.849379172,0
140,1571,0.756537433,1,228,3,53,4.849379172,0
140,1470,1.159652179,1,183,3,53,4.849379172,0
140,1834,-0.782490712,0,93,4,53,4.849379172,0
140,1236,0.030881279,1,179,4,53,4.849379172,0
140,1888,-1.607121882,0,78,3,53,4.849379172,0
140,342,-0.774346526,1,68,4,53,4.849379172,0
140,1886,-1.059599214,1,78,4,53,4.849379172,0
140,1991,1.624741622,1,327,4,53,4.849379172,0
140,1395,0.001600256,0,229,3,53,4.849379172,0
140,1486,-0.038939593,1,115,4,53,4.849379172,0
140,1930,0.842746815,1,179,4,53,4.849379172,0
141,1849,-0.165628957,1,171,4,47,3.398922777,0
141,1417,-0.597064424,0,132,3,47,3.398922777,0
141,531,0.16578583,1,182,3,47,3.398922777,0
141,1442,0.830224715,1,321,3,47,3.398922777,0
141,1994,-0.743935722,0,152,3,47,3.398922777,0
141,147,-0.731451903,0,178,4,47,3.398922777,0
142,1739,-0.58017963,0,221,3,34,3.653112098,0
142,721,-0.310878146,1,191,4,34,3.653112098,0
142,570,0.949299201,0,158,3,34,3.653112098,0
142,788,0.400965598,1,233,4,34,3.653112098,0
142,1634,0.294077054,0,260,3,34,3.653112098,0
143,1655,-1.909351117,0,73,3,47,4.226757952,1
143,1862,-0.458912119,1,181,4,47,4.226757952,1
143,1827,0.252603631,1,230,4,47,4.226757952,1
143,1203,-0.094656891,0,194,4,47,4.226757952,1
143,1065,2.222265575,1,395,3,47,4.226757952,1
143,1555,1.053893647,1,187,3,47,4.226757952,1
143,1310,-0.541169355,1,187,4,47,4.226757952,1
144,1426,-0.449313496,1,142,4,37,3.81693112,1
144,1391,0.697380447,1,142,4,37,3.81693112,1
144,462,0.068415445,1,255,4,37,3.81693112,1
144,571,0.30672602,1,156,4,37,3.81693112,1
144,320,1.6552681,1,346,4,37,3.81693112,1
144,1021,-0.85727778,0,77,4,37,3.81693112,1
144,1596,0.0679345,0,240,3,37,3.81693112,1
145,202,-0.363405419,1,166,4,42,3.198821536,0
145,1520,-0.948807424,1,164,4,42,3.198821536,0
145,86,0.367174943,1,215,3,42,3.198821536,0
145,1912,0.478274988,1,279,3,42,3.198821536,0
145,1676,-0.33209634,0,240,3,42,3.198821536,0
145,1008,1.3335328,1,241,3,42,3.198821536,0
145,603,0.435274927,0,153,3,42,3.198821536,0
145,425,0.944663644,1,279,3,42,3.198821536,0
145,1649,1.233390432,0,219,3,42,3.198821536,0
145,578,0.307724012,1,176,3,42,3.198821536,0
146,997,0.385194514,1,172,4,45,3.642038915,0
146,229,-0.539063371,0,131,4,45,3.642038915,0
146,1660,-0.802482113,0,165,4,45,3.642038915,0
146,1800,-0.269615629,1,205,4,45,3.642038915,0
146,371,-1.222549157,1,144,4,45,3.642038915,0
146,1222,0.521106376,1,163,4,45,3.642038915,0
146,454,0.275349339,1,186,3,45,3.642038915,0
146,1205,-0.601799455,0,192,3,45,3.642038915,0
147,514,-0.567646437,0,137,4,36,3.948821005,0
147,1319,0.803161312,1,223,4,36,3.948821005,0
147,1302,0.082054567,0,139,3,36,3.948821005,0
147,597,-0.936866526,0,149,4,36,3.948821005,0
147,544,1.073641435,1,233,3,36,3.948821005,0
147,1084,-0.80017036,0,169,3,36,3.948821005,0
147,956,0.931789648,1,220,3,36,3.948821005,0
147,1973,-1.338439718,0,141,3,36,3.948821005,0
147,84,-0.415114158,1,171,4,36,3.948821005,0
147,1419,0.471555215,1,301,4,36,3.948821005,0
147,211,-0.756774779,1,167,3,36,3.948821005,0
147,1447,0.117374264,1,101,3,36,3.948821005,0
147,1477,-1.043766485,0,137,3,36,3.948821005,0
147,1148,0.264956904,1,172,4,36,3.948821005,0
148,383,1.456764015,1,284,3,53,4.356041254,1
148,62,-0.358959798,1,192,3,53,4.356041254,1
148,129,-1.221129395,0,94,3,53,4.356041254,1
148,1157,-0.359429518,1,225,4,53,4.356041254,1
148,1322,-0.070190901,0,160,4,53,4.356041254,1
148,1924,0.452697731,0,202,4,53,4.356041254,1
148,159,-0.675397862,1,80,4,53,4.356041254,1
148,942,0.783777027,1,287,4,53,4.356041254,1
148,1677,0.115573609,1,205,4,53,4.356041254,1
148,583,-0.467182559,0,159,4,53,4.356041254,1
148,1592,-0.453289518,0,150,4,53,4.356041254,1
149,702,0.292431273,1,199,3,43,3.390381834,1
149,231,0.048460791,1,325,3,43,3.390381834,1
149,1104,-0.173910414,1,156,4,43,3.390381834,1
149,1753,1.184734783,0,233,3,43,3.390381834,1
149,141,0.771376861,1,243,4,43,3.390381834,1
149,334,0.692483903,0,203,3,43,3.390381834,1
149,1816,0.875307472,1,377,3,43,3.390381834,1
149,219,-1.653186128,0,93,4,43,3.390381834,1
149,1404,-0.434243824,0,209,4,43,3.390381834,1
149,698,-0.015297786,0,165,4,43,3.390381834,1
150,559,1.607082659,1,290,3,43,4.012133376,1
150,567,-0.43133881,1,238,4,43,4.012133376,1
150,174,1.110181635,1,197,3,43,4.012133376,1
150,1028,1.53378506,1,228,4,43,4.012133376,1
150,1086,-0.289284656,1,279,4,43,4.012133376,1
150,1485,-0.624706386,0,100,4,43,4.012133376,1
150,1775,-0.013926134,0,82,3,43,4.012133376,1
150,41,-2.391092202,1,68,4,43,4.012133376,1
151,1877,0.966679427,1,171,4,47,4.591856834,1
151,380,0.788054483,1,262,4,47,4.591856834,1
151,969,-1.168327986,0,98,3,47,4.591856834,1
151,1327,-1.057092138,0,108,4,47,4.591856834,1
151,587,0.52201744,1,192,4,47,4.591856834,1
151,1564,2.226159872,1,325,4,47,4.591856834,1
151,117,0.655053236,0,182,3,47,4.591856834,1
151,289,-0.781027465,0,156,4,47,4.591856834,1
151,403,-0.276185124,0,160,4,47,4.591856834,1
151,189,-1.025404036,0,117,4,47,4.591856834,1
152,1433,-0.074052645,0,166,3,36,3.390608148,1
152,1958,-1.076572177,0,153,4,36,3.390608148,1
152,256,-0.677307925,0,150,4,36,3.390608148,1
152,959,-1.256248198,0,117,4,36,3.390608148,1
152,1593,-0.165572111,0,205,3,36,3.390608148,1
152,155,-1.030925094,0,199,4,36,3.390608148,1
152,937,-0.914226664,0,128,4,36,3.390608148,1
153,1277,-0.600310025,1,120,3,45,3.490158857,0
153,194,0.4858544,0,219,3,45,3.490158857,0
153,1506,1.473121354,0,207,2,45,3.490158857,0
153,64,1.190638471,1,303,4,45,3.490158857,0
153,1250,-1.635706176,1,91,4,45,3.490158857,0
153,1471,-0.307159797,0,242,2,45,3.490158857,0
153,102,0.4286954,1,238,4,45,3.490158857,0
153,1815,-0.156149473,1,148,3,45,3.490158857,0
153,244,1.621148229,1,226,3,45,3.490158857,0
153,1018,-1.485878445,0,116,3,45,3.490158857,0
153,1436,0.628122593,1,260,4,45,3.490158857,0
154,1937,-0.478166816,0,83,5,51,4.820246932,1
154,1600,0.569553617,1,155,5,51,4.820246932,1
154,1653,-0.502095816,0,125,4,51,4.820246932,1
154,830,-0.936176413,0,112,4,51,4.820246932,1
154,1450,-0.498700287,0,109,4,51,4.820246932,1
154,1127,-1.397259828,0,82,4,51,4.820246932,1
154,817,-0.339662761,1,223,4,51,4.820246932,1
154,1810,0.626974029,1,218,4,51,4.820246932,1
154,740,0.47314286,0,171,4,51,4.820246932,1
154,1070,-2.012826949,0,63,3,51,4.820246932,1
154,1853,1.55470871,0,287,4,51,4.820246932,1
155,1,-0.102615994,1,176,4,46,4.622638873,0
155,1551,0.890927178,0,120,4,46,4.622638873,0
155,1741,-1.496731578,0,82,3,46,4.622638873,0
155,241,0.44797323,0,225,3,46,4.622638873,0
155,651,0.82780267,1,243,4,46,4.622638873,0
155,1960,-0.116640835,1,159,3,46,4.622638873,0
155,1798,-1.643776734,1,92,4,46,4.622638873,0
155,551,1.744320341,1,256,3,46,4.622638873,0
155,1289,-0.297783459,0,298,4,46,4.622638873,0
155,391,0.613730137,1,161,4,46,4.622638873,0
155,336,0.890184738,1,247,4,46,4.622638873,0
156,405,0.880315473,1,243,4,44,3.637086627,1
156,1489,-0.979961635,0,140,4,44,3.637086627,1
156,330,0.187956688,0,262,3,44,3.637086627,1
156,314,-0.239453739,0,237,3,44,3.637086627,1
156,581,-1.604590122,0,97,3,44,3.637086627,1
156,1406,0.381680427,1,253,4,44,3.637086627,1
156,1200,-1.753565873,0,95,3,44,3.637086627,1
156,1945,-0.073006484,0,126,4,44,3.637086627,1
156,279,-1.279414181,0,111,4,44,3.637086627,1
156,573,-1.395609663,0,83,3,44,3.637086627,1
156,366,-2.267875846,0,75,3,44,3.637086627,1
156,170,0.599362332,0,216,2,44,3.637086627,1
156,569,0.652558015,1,265,4,44,3.637086627,1
156,522,-0.795964576,0,117,4,44,3.637086627,1
156,1721,-1.004571615,0,168,4,44,3.637086627,1
156,1492,-0.945545909,0,168,4,44,3.637086627,1
157,1666,-0.278991561,1,145,4,54,3.759919579,0
157,891,-0.094833924,0,162,3,54,3.759919579,0
157,296,-2.313292663,0,53,4,54,3.759919579,0
157,1045,0.493595342,0,245,3,54,3.759919579,0
157,1956,1.629705511,1,237,3,54,3.759919579,0
157,1754,0.930299006,1,287,3,54,3.759919579,0
157,1701,-0.451773169,0,132,4,54,3.759919579,0
157,1993,0.14854731,1,189,4,54,3.759919579,0
157,1170,-0.324858392,0,184,4,54,3.759919579,0
157,463,0.725082592,1,181,4,54,3.759919579,0
157,1006,-0.291572523,1,194,3,54,3.759919579,0
157,438,1.480903497,1,277,3,54,3.759919579,0
158,1722,0.927276704,1,178,3,45,4.619313928,0
158,1185,-0.204257856,1,204,4,45,4.619313928,0
158,397,-1.604415282,1,91,4,45,4.619313928,0
158,1219,-0.529601296,1,106,4,45,4.619313928,0
158,1022,-0.419776522,1,94,4,45,4.619313928,0
158,798,1.014533376,1,216,3,45,4.619313928,0
158,967,-1.508064721,0,81,3,45,4.619313928,0
158,1835,1.231346738,1,239,3,45,4.619313928,0
159,925,0.350425832,1,299,3,44,3.571573415,1
159,473,-0.764853674,0,132,4,44,3.571573415,1
159,255,-1.493103151,0,124,4,44,3.571573415,1
159,637,-0.743749175,0,160,3,44,3.571573415,1
159,543,-0.126940238,0,149,3,44,3.571573415,1
159,717,-1.422683525,0,104,3,44,3.571573415,1
159,1678,0.455069383,1,291,3,44,3.571573415,1
159,1142,1.267564029,1,159,4,44,3.571573415,1
159,636,0.03662135,1,172,4,44,3.571573415,1
159,215,-0.253596082,0,283,3,44,3.571573415,1
159,770,0.309541063,1,242,3,44,3.571573415,1
159,656,2.345612155,1,248,4,44,3.571573415,1
159,387,-0.019134518,1,139,4,44,3.571573415,1
160,715,0.491063542,1,196,3,45,3.901625401,0
160,1565,0.007504524,0,205,3,45,3.901625401,0
160,208,0.34572778,1,168,4,45,3.901625401,0
160,664,0.504059722,1,149,4,45,3.901625401,0
160,809,-0.556015924,0,135,4,45,3.901625401,0
160,223,0.171577933,0,176,4,45,3.901625401,0
160,426,0.584794904,1,191,3,45,3.901625401,0
160,599,-0.094870754,1,134,4,45,3.901625401,0
160,46,0.078457074,1,218,3,45,3.901625401,0
160,533,-0.147912544,0,105,3,45,3.901625401,0
160,1048,0.160364977,0,179,4,45,3.901625401,0
161,958,0.666632852,1,202,4,44,4.165032209,0
161,374,-1.900429737,0,87,4,44,4.165032209,0
161,525,-2.211054243,0,50,4,44,4.165032209,0
161,432,0.999461655,1,312,4,44,4.165032209,0
161,228,0.200228099,1,150,4,44,4.165032209,0
161,868,-0.032194558,0,165,2,44,4.165032209,0
161,1309,0.907978438,1,192,3,44,4.165032209,0
161,1370,-2.572207409,0,39,4,44,4.165032209,0
161,1697,0.616611121,1,258,4,44,4.165032209,0
161,1446,-0.245228617,1,238,4,44,4.165032209,0
161,595,1.030282367,0,161,4,44,4.165032209,0
161,897,0.186251533,1,182,4,44,4.165032209,0
162,1306,0.615977244,1,242,4,51,3.498521476,0
162,95,-0.92734711,0,132,3,51,3.498521476,0
162,261,-0.795896863,0,236,3,51,3.498521476,0
162,443,-0.910718756,0,191,3,51,3.498521476,0
162,396,-0.639680204,0,165,3,51,3.498521476,0
162,1414,0.994344969,1,170,3,51,3.498521476,0
162,869,0.29118304,1,190,3,51,3.498521476,0
162,579,0.191932704,1,287,4,51,3.498521476,0
162,1154,-1.448718769,0,107,3,51,3.498521476,0
162,1292,-0.561021461,1,218,4,51,3.498521476,0
162,1014,-2.77603986,0,45,3,51,3.498521476,0
162,1304,0.805262243,1,213,2,51,3.498521476,0
162,100,-0.198793254,1,219,3,51,3.498521476,0
162,611,-0.478474382,1,255,3,51,3.498521476,0
162,1358,0.105934856,0,145,3,51,3.498521476,0
163,417,-0.694049409,0,193,3,23,1.661710544,1
163,1396,0.802031878,0,193,2,23,1.661710544,1
163,1922,1.620150353,0,252,2,23,1.661710544,1
163,1794,-0.470303438,0,249,3,23,1.661710544,1
163,1631,1.591069103,1,394,3,23,1.661710544,1
164,1992,-0.561891928,0,124,5,40,4.310082684,1
164,1975,-1.82561096,0,90,4,40,4.310082684,1
164,1332,-0.720988163,0,197,3,40,4.310082684,1
164,199,0.94831186,1,286,4,40,4.310082684,1
164,74,1.859426475,1,322,3,40,4.310082684,1
164,1390,-0.66866558,1,85,4,40,4.310082684,1
164,247,-1.840366002,0,110,4,40,4.310082684,1
164,930,-1.1684917,0,145,4,40,4.310082684,1
165,1554,0.658121671,1,265,4,41,3.898109939,0
165,866,-1.110045497,0,139,4,41,3.898109939,0
165,1193,-1.254352216,0,149,4,41,3.898109939,0
165,291,0.088698406,0,162,3,41,3.898109939,0
166,870,-0.042300488,0,128,2,43,3.525644346,1
166,1843,0.407868659,0,353,3,43,3.525644346,1
166,1709,1.184919429,1,218,4,43,3.525644346,1
166,1882,0.475070584,1,185,4,43,3.525644346,1
166,1230,-0.628895597,1,134,4,43,3.525644346,1
166,3,-0.847445333,0,133,4,43,3.525644346,1
166,367,-1.853990572,0,98,3,43,3.525644346,1
166,1573,-0.056050004,0,168,4,43,3.525644346,1
166,1734,-2.028731078,0,103,4,43,3.525644346,1
166,348,1.153595356,1,307,2,43,3.525644346,1
166,889,0.310664767,1,230,4,43,3.525644346,1
167,1190,0.643475044,1,371,3,25,1.931314687,1
167,703,-1.590713027,0,164,3,25,1.931314687,1
167,1532,-1.691992451,0,223,4,25,1.931314687,1
167,1904,-1.28517775,0,251,3,25,1.931314687,1
167,1837,0.133408096,1,229,3,25,1.931314687,1
167,1548,0.151464033,0,300,3,25,1.931314687,1
167,81,0.257386478,0,283,2,25,1.931314687,1
167,1525,0.461978207,0,254,2,25,1.931314687,1
167,712,-1.020811845,0,155,2,25,1.931314687,1
167,494,0.556467335,0,303,3,25,1.931314687,1
168,669,-0.114881597,0,193,4,53,3.722058389,1
168,347,0.633309421,1,261,4,53,3.722058389,1
168,1247,-0.899388374,0,104,4,53,3.722058389,1
168,1983,-1.834290273,0,77,3,53,3.722058389,1
168,115,0.668906669,0,173,4,53,3.722058389,1
168,757,-0.797487385,0,220,4,53,3.722058389,1
168,150,-0.722517033,0,133,4,53,3.722058389,1
168,1686,0.581624088,0,221,3,53,3.722058389,1
168,1549,-0.791447329,1,191,4,53,3.722058389,1
168,513,0.012855767,1,242,4,53,3.722058389,1
168,190,-1.311034016,0,217,4,53,3.722058389,1
168,963,0.140605642,0,180,3,53,3.722058389,1
168,858,0.29173055,1,175,3,53,3.722058389,1
169,1180,-0.24803284,0,140,3,27,2.506043252,1
169,1797,-1.664516755,0,169,4,27,2.506043252,1
169,181,-0.68745707,0,133,3,27,2.506043252,1
169,695,-0.404025382,0,118,2,27,2.506043252,1
169,635,0.880307861,1,269,3,27,2.506043252,1
169,1260,-1.361235239,1,129,3,27,2.506043252,1
169,474,0.088532678,1,212,4,27,2.506043252,1
169,460,0.811243984,1,275,4,27,2.506043252,1
169,834,0.691159194,0,225,3,27,2.506043252,1
170,323,-0.490583874,0,197,4,35,4.203756058,1
170,805,-0.523517676,0,197,4,35,4.203756058,1
170,1297,0.829849511,1,251,4,35,4.203756058,1
170,1026,-0.595095298,0,169,4,35,4.203756058,1
170,1842,0.11374231,0,227,4,35,4.203756058,1
170,1155,0.325451037,1,262,4,35,4.203756058,1
170,1172,-0.139808016,1,179,4,35,4.203756058,1
170,161,-0.656626125,0,120,3,35,4.203756058,1
171,598,-1.167239409,1,132,4,38,4.027187605,0
171,1198,0.450926311,0,152,4,38,4.027187605,0
171,210,0.244581947,1,153,4,38,4.027187605,0
171,916,0.28671954,1,174,3,38,4.027187605,0
171,1732,1.683544614,1,286,4,38,4.027187605,0
171,986,0.46083032,1,176,4,38,4.027187605,0
171,893,-0.494054986,0,192,4,38,4.027187605,0
171,1829,-0.346335567,0,228,3,38,4.027187605,0
171,887,-0.992733253,0,119,3,38,4.027187605,0
172,375,1.055439212,1,373,3,24,2.22211387,1
172,1320,0.010551163,1,221,4,24,2.22211387,1
172,1016,0.469502342,0,245,3,24,2.22211387,1
172,554,-0.742063057,1,231,3,24,2.22211387,1
172,168,0.658759296,0,247,3,24,2.22211387,1
172,51,0.384556433,0,270,2,24,2.22211387,1
172,1901,-1.026476181,0,147,4,24,2.22211387,1
172,1890,0.56013371,0,237,3,24,2.22211387,1
172,251,0.875277908,0,213,3,24,2.22211387,1
172,116,-1.198871995,0,171,3,24,2.22211387,1
172,1218,1.198759334,0,238,3,24,2.22211387,1
172,2000,-1.344878089,0,153,2,24,2.22211387,1
172,106,-0.425239767,0,197,3,24,2.22211387,1
172,1812,-0.166427677,0,196,3,24,2.22211387,1
172,1986,-0.646029786,0,173,3,24,2.22211387,1
173,1078,0.407652609,1,291,3,25,2.111589825,1
173,1547,-1.184856225,0,151,3,25,2.111589825,1
173,217,-0.288772092,0,171,2,25,2.111589825,1
173,1969,1.656983689,1,262,3,25,2.111589825,1
173,1235,1.007551039,0,225,3,25,2.111589825,1
173,902,-0.921261817,0,209,3,25,2.111589825,1
173,1918,2.207668177,1,290,3,25,2.111589825,1
173,710,1.232908153,0,184,2,25,2.111589825,1
174,737,-0.013663802,1,143,4,40,3.684171415,1
174,1833,1.765517392,1,296,4,40,3.684171415,1
174,1400,-0.307843734,1,282,3,40,3.684171415,1
174,431,-0.333429155,1,147,4,40,3.684171415,1
174,1224,-1.600500977,0,108,4,40,3.684171415,1
174,921,-1.598117647,0,168,4,40,3.684171415,1
174,1231,-0.1504695,0,222,3,40,3.684171415,1
174,1283,2.067302011,1,279,4,40,3.684171415,1
174,977,1.596024184,1,222,4,40,3.684171415,1
174,949,1.060316516,1,311,4,40,3.684171415,1
174,1580,-0.448183902,0,126,4,40,3.684171415,1
175,430,0.156395978,0,145,4,44,4.394441399,1
175,1318,-2.832937638,0,34,4,44,4.394441399,1
175,1011,-0.266009653,1,192,4,44,4.394441399,1
175,363,-0.242792207,1,193,4,44,4.394441399,1
175,1515,0.97779505,1,211,4,44,4.394441399,1
175,1640,0.801542174,0,247,4,44,4.394441399,1
175,1985,0.963441382,1,189,3,44,4.394441399,1
175,693,0.714126256,1,180,3,44,4.394441399,1
175,393,-0.529324026,0,116,3,44,4.394441399,1
175,1405,0.839452072,1,192,4,44,4.394441399,1
176,1093,-0.345479104,0,105,3,37,4.083594138,1
176,1544,-0.231435418,0,89,3,37,4.083594138,1
176,520,-0.163855301,0,198,4,37,4.083594138,1
176,171,-0.96054269,0,164,3,37,4.083594138,1
176,1373,-1.0759113,0,90,4,37,4.083594138,1
176,743,-0.706954573,1,204,3,37,4.083594138,1
176,723,-1.473222424,0,81,4,37,4.083594138,1
177,1120,-0.057320268,1,117,4,39,4.401841535,1
177,747,-0.581113093,0,158,3,39,4.401841535,1
177,271,0.316217011,0,232,4,39,4.401841535,1
177,1279,-0.506694094,0,137,4,39,4.401841535,1
177,892,1.186832772,1,287,4,39,4.401841535,1
177,1820,-0.943566394,0,144,4,39,4.401841535,1
177,1572,-0.182958913,0,122,4,39,4.401841535,1
177,1875,0.208555681,1,144,4,39,4.401841535,1
177,1102,-0.147027506,1,144,3,39,4.401841535,1
177,1143,0.328274129,0,164,3,39,4.401841535,1
177,1964,0.227724462,0,173,4,39,4.401841535,1
177,1111,-1.964088654,0,94,4,39,4.401841535,1
177,816,-1.785025158,1,80,4,39,4.401841535,1
178,1725,1.492847238,1,281,3,44,3.813931297,0
178,592,-0.582568148,1,150,3,44,3.813931297,0
178,1051,-0.362121668,0,151,3,44,3.813931297,0
178,872,-0.789835021,0,137,3,44,3.813931297,0
178,588,-0.107638806,1,197,3,44,3.813931297,0
178,43,-0.987233504,0,121,3,44,3.813931297,0
178,1100,0.146146572,0,163,2,44,3.813931297,0
178,439,2.541606468,1,332,4,44,3.813931297,0
178,1179,0.942843185,1,237,3,44,3.813931297,0
178,101,-0.84080469,0,119,3,44,3.813931297,0
179,1802,-0.993865372,0,67,3,34,4.080924934,1
179,16,-0.273417387,0,148,4,34,4.080924934,1
179,1614,0.389648614,1,174,4,34,4.080924934,1
179,1210,0.111796367,0,170,3,34,4.080924934,1
179,123,0.82936177,1,300,3,34,4.080924934,1
179,1788,-0.278273883,1,156,4,34,4.080924934,1
179,197,1.041127876,0,202,3,34,4.080924934,1
179,359,-0.508508047,1,158,4,34,4.080924934,1
180,1032,-0.388607002,0,131,3,25,2.199670777,1
180,1509,1.461009883,1,438,2,25,2.199670777,1
180,1002,1.047072226,1,170,4,25,2.199670777,1
180,1832,-2.206727018,0,127,2,25,2.199670777,1
180,28,-0.181506631,0,143,4,25,2.199670777,1
180,1394,-0.054225137,0,229,2,25,2.199670777,1
180,233,0.335435911,1,250,4,25,2.199670777,1
180,642,1.397711052,1,306,3,25,2.199670777,1
180,1441,-0.704905986,0,237,3,25,2.199670777,1
180,1223,-0.361279624,0,186,3,25,2.199670777,1
181,1214,-1.546252657,1,167,4,38,3.43959668,1
181,1619,-0.033940397,0,208,4,38,3.43959668,1
181,1467,0.959243277,1,319,4,38,3.43959668,1
181,1574,-2.782253413,0,65,4,38,3.43959668,1
181,1784,0.418270497,1,221,4,38,3.43959668,1
181,884,-1.721219043,1,102,4,38,3.43959668,1
181,15,0.016106868,0,205,4,38,3.43959668,1
181,345,-0.92705232,0,130,4,38,3.43959668,1
181,409,-0.366547316,1,237,3,38,3.43959668,1
182,1936,0.987515564,1,359,4,32,2.924797804,1
182,268,-0.724835898,0,116,3,32,2.924797804,1
182,166,0.672350348,1,231,3,32,2.924797804,1
182,1232,0.874421754,1,218,3,32,2.924797804,1
182,845,-1.979879435,0,131,3,32,2.924797804,1
182,1074,-0.088549494,0,211,3,32,2.924797804,1
183,506,-0.839540417,0,173,3,22,1.782712541,1
183,1162,1.570486907,1,482,2,22,1.782712541,1
183,1522,0.374292478,0,258,2,22,1.782712541,1
183,1251,-0.689565792,0,187,4,22,1.782712541,1
183,240,-0.545190747,1,178,3,22,1.782712541,1
184,1036,-1.992541172,0,73,3,32,3.945103821,1
184,496,0.776034013,0,179,4,32,3.945103821,1
184,802,-0.721265823,0,120,4,32,3.945103821,1
184,411,-0.512561923,0,280,3,32,3.945103821,1
184,1244,-0.137694265,0,169,4,32,3.945103821,1
184,466,2.188105657,1,266,4,32,3.945103821,1
184,713,1.45242587,1,290,3,32,3.945103821,1
184,654,0.052881298,1,259,4,32,3.945103821,1
184,1340,0.107404144,0,147,4,32,3.945103821,1
184,1668,-0.412569838,1,197,3,32,3.945103821,1
184,1359,-0.663235217,0,141,3,32,3.945103821,1
184,799,2.498372192,1,320,3,32,3.945103821,1
184,1943,-0.102800204,0,267,3,32,3.945103821,1
184,1316,-1.106669241,0,136,4,32,3.945103821,1
185,1362,-1.391968796,1,116,4,56,3.747500803,0
185,1920,-1.071321155,0,187,4,56,3.747500803,0
185,402,1.269088822,1,220,3,56,3.747500803,0
185,1434,-1.545061476,1,112,4,56,3.747500803,0
185,1044,-0.908262285,0,81,3,56,3.747500803,0
185,1900,-0.136445982,1,135,4,56,3.747500803,0
185,1857,-0.053117183,1,199,3,56,3.747500803,0
185,641,0.4840127,1,184,3,56,3.747500803,0
185,609,0.489156975,1,191,3,56,3.747500803,0
185,429,0.04811038,0,206,3,56,3.747500803,0
185,1664,0.28647411,1,167,3,56,3.747500803,0
185,1068,-1.832904474,0,60,3,56,3.747500803,0
185,1605,-0.1167477,1,195,3,56,3.747500803,0
185,667,-1.429892971,0,128,4,56,3.747500803,0
185,1878,-0.764288687,0,161,4,56,3.747500803,0
186,841,1.582640147,0,232,4,36,4.141405355,1
186,563,1.533386104,1,334,4,36,4.141405355,1
186,679,0.656845501,1,245,4,36,4.141405355,1
186,1672,0.503176724,1,260,4,36,4.141405355,1
186,1207,0.240551608,0,176,4,36,4.141405355,1
186,1282,-0.214499737,0,91,4,36,4.141405355,1
186,264,1.406136699,1,347,4,36,4.141405355,1
186,245,0.739035752,1,254,3,36,4.141405355,1
186,1517,1.093071695,0,206,4,36,4.141405355,1
186,1868,0.251086784,1,155,3,36,4.141405355,1
186,521,0.567980321,1,275,4,36,4.141405355,1
186,1758,-0.888459205,0,114,4,36,4.141405355,1
186,218,1.306332125,1,426,3,36,4.141405355,1
186,708,-1.251684286,0,93,4,36,4.141405355,1
187,1670,0.031176549,1,211,4,40,4.352567605,1
187,860,-0.545700785,0,165,4,40,4.352567605,1
187,546,2.367473153,1,266,3,40,4.352567605,1
187,634,1.566320084,1,208,4,40,4.352567605,1
187,1613,-0.306193639,0,186,4,40,4.352567605,1
187,1791,0.923487364,1,268,4,40,4.352567605,1
187,1749,2.117199682,1,273,4,40,4.352567605,1
187,1700,-0.41345821,0,156,4,40,4.352567605,1
187,1941,0.724096258,1,213,4,40,4.352567605,1
187,596,0.629449272,0,200,4,40,4.352567605,1
188,109,1.253994935,1,265,3,42,3.263891416,0
188,134,0.734992454,1,332,3,42,3.263891416,0
188,729,-1.294765528,0,157,3,42,3.263891416,0
188,458,0.988359559,1,224,3,42,3.263891416,0
188,1354,-0.071584351,0,148,3,42,3.263891416,0
188,962,1.451901133,1,343,4,42,3.263891416,0
188,1931,2.08870033,1,274,4,42,3.263891416,0
188,66,-2.307284563,0,100,3,42,3.263891416,0
188,487,-0.361989027,1,255,3,42,3.263891416,0
188,401,0.129363339,1,252,4,42,3.263891416,0
188,1141,0.494271802,1,254,3,42,3.263891416,0
188,1138,1.135636307,1,207,3,42,3.263891416,0
189,705,-0.044144734,1,222,3,29,2.738818542,0
189,1372,-0.768259442,0,155,3,29,2.738818542,0
189,549,-1.794185314,0,140,3,29,2.738818542,0
189,825,0.434094018,0,201,3,29,2.738818542,0
189,365,-0.288538581,1,229,4,29,2.738818542,0
189,1699,-1.775161709,1,101,3,29,2.738818542,0
189,221,0.584110374,1,271,3,29,2.738818542,0
190,1364,0.046502049,0,202,3,39,3.829065059,1
190,781,-0.672196294,1,156,4,39,3.829065059,1
190,1808,2.934179078,1,483,3,39,3.829065059,1
190,1149,0.341959462,1,153,3,39,3.829065059,1
190,281,-1.272426776,0,77,4,39,3.829065059,1
190,184,-1.909692877,0,127,4,39,3.829065059,1
190,1793,-0.404266422,0,148,4,39,3.829065059,1
190,912,-0.834649064,0,98,3,39,3.829065059,1
190,1756,-0.155751519,1,124,4,39,3.829065059,1
191,1636,1.334509862,0,227,3,25,2.560050081,1
191,1448,-2.783985781,0,57,4,25,2.560050081,1
191,1177,-0.69965153,0,154,2,25,2.560050081,1
191,153,1.975179818,1,335,3,25,2.560050081,1
191,1030,0.984291503,0,243,2,25,2.560050081,1
191,1305,-0.938266582,0,183,3,25,2.560050081,1
191,507,1.447957683,1,285,3,25,2.560050081,1
191,133,-0.150964614,1,225,4,25,2.560050081,1
191,628,-0.306756748,0,174,3,25,2.560050081,1
191,1534,0.608218513,0,289,2,25,2.560050081,1
192,177,0.969993599,0,225,3,28,2.774078285,1
192,1220,0.027438736,1,258,3,28,2.774078285,1
192,801,-1.248403823,0,122,3,28,2.774078285,1
192,1772,0.050287961,1,215,4,28,2.774078285,1
192,82,-0.660073844,0,204,3,28,2.774078285,1
192,1491,-0.811734936,0,83,4,28,2.774078285,1
192,745,0.713155214,0,258,2,28,2.774078285,1
192,1174,-0.914425237,0,148,3,28,2.774078285,1
192,351,0.740212273,1,348,3,28,2.774078285,1
192,1158,0.892391239,1,329,3,28,2.774078285,1
192,1301,-1.318172885,0,143,3,28,2.774078285,1
192,1069,0.248452759,0,247,2,28,2.774078285,1
193,140,1.118766754,1,248,3,44,3.349080811,1
193,847,1.581980776,1,360,2,44,3.349080811,1
193,780,0.729805223,1,123,4,44,3.349080811,1
193,850,0.47974258,1,182,3,44,3.349080811,1
193,504,-0.962695575,0,102,3,44,3.349080811,1
193,987,0.708825797,1,275,4,44,3.349080811,1
193,1409,1.593809158,0,261,3,44,3.349080811,1
193,1007,0.467035545,0,216,3,44,3.349080811,1
193,313,0.962292971,1,310,4,44,3.349080811,1
193,135,-0.710240494,0,128,3,44,3.349080811,1
193,1329,0.061605231,1,230,4,44,3.349080811,1
193,1545,-0.101867821,0,179,4,44,3.349080811,1
193,1521,-0.352078636,1,162,3,44,3.349080811,1
193,332,0.938697713,0,270,3,44,3.349080811,1
193,316,0.340072123,1,228,3,44,3.349080811,1
194,317,-1.839517279,0,126,4,42,3.965394224,0
194,822,-0.273548324,0,134,3,42,3.965394224,0
194,1971,-1.632246091,0,90,3,42,3.965394224,0
194,1457,-0.660490434,0,187,3,42,3.965394224,0
194,1482,0.822653545,0,165,3,42,3.965394224,0
194,104,0.218237262,1,266,4,42,3.965394224,0
194,1107,-1.20928623,0,155,4,42,3.965394224,0
194,1365,1.336565333,1,175,3,42,3.965394224,0
194,455,1.474204981,1,319,3,42,3.965394224,0
194,1604,-0.044104654,1,167,3,42,3.965394224,0
194,1091,-0.746761159,0,125,3,42,3.965394224,0
194,475,0.888015991,0,260,3,42,3.965394224,0
195,1693,-0.078573194,0,194,3,20,1.329195815,1
195,545,0.502836383,0,298,1,20,1.329195815,1
195,499,-0.069571667,0,248,2,20,1.329195815,1
195,980,1.893583826,1,440,2,20,1.329195815,1
195,621,1.083191324,0,217,2,20,1.329195815,1
195,465,0.326927341,1,207,3,20,1.329195815,1
195,558,0.381630111,1,398,2,20,1.329195815,1
195,167,-0.244041366,0,237,2,20,1.329195815,1
195,878,-1.778901459,0,258,2,20,1.329195815,1
195,352,-0.630622114,1,174,2,20,1.329195815,1
196,382,-0.943802669,1,132,4,48,4.332064425,0
196,356,-0.009524735,0,158,3,48,4.332064425,0
196,1770,-0.148838587,0,192,3,48,4.332064425,0
196,1386,0.509687387,0,208,3,48,4.332064425,0
196,1165,-0.826656866,0,178,3,48,4.332064425,0
196,909,-0.091459844,1,192,4,48,4.332064425,0
196,1481,-1.567103373,0,73,3,48,4.332064425,0
196,1376,0.076034113,0,115,3,48,4.332064425,0
196,974,-0.075746197,0,144,3,48,4.332064425,0
196,333,-0.09334238,0,166,3,48,4.332064425,0
196,172,-0.730988769,1,112,4,48,4.332064425,0
197,1586,0.4071149,1,207,4,49,4.19050912,0
197,613,0.496739018,1,219,4,49,4.19050912,0
197,1168,-2.025132779,0,67,4,49,4.19050912,0
197,445,0.832225029,0,164,4,49,4.19050912,0
198,922,0.261064736,0,270,3,30,2.959168959,1
198,446,-0.004080471,1,175,4,30,2.959168959,1
198,629,0.279843471,0,161,3,30,2.959168959,1
198,1874,0.88459053,0,168,3,30,2.959168959,1
198,1654,0.626686207,0,175,3,30,2.959168959,1
198,1718,-0.613737346,0,172,4,30,2.959168959,1
198,1926,-1.193808106,0,132,3,30,2.959168959,1
198,1823,-0.142374672,0,316,3,30,2.959168959,1
198,148,0.681986092,0,226,3,30,2.959168959,1
198,1979,0.707292745,1,159,4,30,2.959168959,1
198,836,-0.82363896,0,101,4,30,2.959168959,1
198,1263,-0.443343105,1,207,4,30,2.959168959,1
198,983,1.533271989,0,363,2,30,2.959168959,1
199,1998,1.045439637,0,301,3,39,3.332433931,1
199,1350,-0.049419766,1,216,3,39,3.332433931,1
199,1375,-0.851955418,1,206,3,39,3.332433931,1
199,1762,0.757314625,1,177,3,39,3.332433931,1
199,1972,-0.838395454,1,267,4,39,3.332433931,1
199,1594,0.632735152,0,200,3,39,3.332433931,1
199,1257,-0.028120328,0,114,3,39,3.332433931,1
199,971,0.28676321,1,251,3,39,3.332433931,1
199,775,-0.114914536,0,214,3,39,3.332433931,1
199,209,0.48967808,1,242,3,39,3.332433931,1
199,943,1.318664892,0,292,3,39,3.332433931,1
199,650,0.448311028,1,254,4,39,3.332433931,1
200,33,-0.465323498,1,116,4,29,3.701410712,1
200,1695,-1.129521683,0,129,4,29,3.701410712,1
200,304,0.137953808,1,219,3,29,3.701410712,1
200,1363,1.075723324,1,245,4,29,3.701410712,1
200,1125,-1.153926649,0,150,3,29,3.701410712,1
